name,path_to_cbg,price_old,price_new,words,usless,id
三月兔,https://patchwiki.biligame.com/images/dwrg/1/1f/oni8hmey6spb1ltv25je6dmwpd240pr.png,500,520,可小刀急出,https://id5.cbg.163.com/cgi/mweb/pl?search_type=role&all_cloth_list__and=9302&order_by=price%20ASC,9302
黑白熊,https://patchwiki.biligame.com/images/dwrg/2/21/26serhdgj6n86a6uhdofm5yrn9kjdsa.png,261,275,看看宝子吧！砍砍价也行啊，但是我得看我能不能接受,https://id5.cbg.163.com/cgi/mweb/pl?search_type=role&all_cloth_list__and=9309&order_by=price%20ASC,9309
点金,https://patchwiki.biligame.com/images/dwrg/c/c5/m49hl5ekddnavruoirk7hp9a6swyzsz.png,700,700,爱哭鬼古早限定点金，很多好看紫，猩红新娘，七海千秋，入间美兔，五月七日小羽。,https://id5.cbg.163.com/cgi/mweb/pl?search_type=role&all_cloth_list__and=8402&order_by=price%20ASC&refer_sn=0193F7D9-4433-7D94-53FE-C92D6D234F13,8402
当铺老板,https://patchwiki.biligame.com/images/dwrg/8/8a/6alp8y3g12zxdb3y10hfti5a56xtvo4.png,240,240,爱哭鬼医生双限定！司药	！当铺老板！江户川乱步！伊始新篇！祖祖！残花泪！缄默者！稻草人！逆刃之鞭！反骨之缚！朝圣者！黑天鹅之羽！熄灭的太阳！澄明的理性！年岁！骨笛	安宁,https://id5.cbg.163.com/cgi/mweb/pl?search_type=role&all_cloth_list__and=8418&order_by=price%20ASC,8418
逃罪之人,https://patchwiki.biligame.com/images/dwrg/3/30/90q12f5nz2nd3r4r63muexfz3pz72pc.png,450,330,前女友送的号 逃罪+挂件，有小女孩绝版头像和医生限定蓝皮+空军联动紫，急出回血，求求了同配置最低了球球了我想回血,https://id5.cbg.163.com/cgi/mweb/pl?search_type=role&all_cloth_list__and=10802&order_by=price%20ASC,10802
舞狮,https://patchwiki.biligame.com/images/dwrg/2/2e/rrriltj85jjg59n4a347sjg1rde9d39.png,570,555,"半半可找七字，未至弱冠感桑榆
3号凌晨改价654慢挂
舞狮套，小恶魔套，限定挂件生日快乐",https://id5.cbg.163.com/cgi/mweb/pl?search_type=role&all_cloth_list__and=1619&order_by=price%20ASC,1619
铁钩船长,https://patchwiki.biligame.com/images/dwrg/d/d1/mxunjn43juyytyln8j2c9qx558mquvh.png,370,410,没有生活费了，大副金挂还有40多抽就出来了，可以刀，急出，我真求你们了，快买吧，小刀可以，400以上我都直接同意，真的急出，希望还价后直接买,https://id5.cbg.163.com/cgi/mweb/pl?search_type=role&all_cloth_list__and=9002&order_by=price%20ASC,9002
CROW,https://patchwiki.biligame.com/images/dwrg/2/2c/6eoevdxem2cxft4g503yvgfvqs9zcvw.png,480,370,明智吾郎觉醒 有金挂 只想快出 只让小刀 已经很低了,https://id5.cbg.163.com/cgi/mweb/pl?search_type=role&all_cloth_list__and=9006&order_by=price%20ASC,9006
Checkmate,https://patchwiki.biligame.com/images/dwrg/8/81/dkkc4kdplzcvyovbco24pocmz23v8x3.png,398,360,很多紫薯，配套随身物品，很好的号,https://id5.cbg.163.com/cgi/mweb/pl?search_type=role&all_cloth_list__and=10102&order_by=price%20ASC,10102
夜魔,https://patchwiki.biligame.com/images/dwrg/c/cd/2c4ylj1scw9mumsqrbuk1flvx11nbnv.png,666,600,夜魔单金+雕刻金挂，不会再降了,https://id5.cbg.163.com/cgi/mweb/pl?search_type=role&all_cloth_list__and=10113&order_by=price%20ASC,10113
炎火之怒,https://patchwiki.biligame.com/images/dwrg/1/16/oxx2jad77cl4b8imgnfa2o9pv2l9m75.png,626,666,官服ios开服老号 ，有猩红新娘??绝版白色b站头像框，再没人要不出了,https://id5.cbg.163.com/cgi/mweb/pl?search_type=role&all_cloth_list__and=8002&order_by=price%20ASC,8002
猎物的印记,https://patchwiki.biligame.com/images/dwrg/1/1c/2xo0t5skm3lrembier2ifb7on055p82.png,400,375,1w1紫薯。,https://id5.cbg.163.com/cgi/mweb/pl?search_type=role&all_cloth_list__and=13503&order_by=price%20ASC,13503
白泽,https://patchwiki.biligame.com/images/dwrg/a/ae/j6smjkjculv35cbu9cnkndccr6pnr8p.png,880,800,近w薯 很小的白泽小情,https://id5.cbg.163.com/cgi/mweb/pl?search_type=role&all_cloth_list__and=12103&order_by=price%20ASC,12103
招风旗,https://patchwiki.biligame.com/images/dwrg/3/34/heb0beuxxbbllbirmp2g82fzmdz9iou.png,100,100,女求年限×2，还要佐仓双叶和刘春东的联动皮。球球大佬们快来带走这个号吧，穷的吃土了。????????,https://id5.cbg.163.com/cgi/mweb/pl?search_type=role&all_cloth_list__and=12108&order_by=price%20ASC,12108
巴萨丽莎,https://patchwiki.biligame.com/images/dwrg/b/b7/c19hxp39ejfzruvssvf9vifjupa5kzf.png,490,525,阁子最低女鬼，没有之一,https://id5.cbg.163.com/cgi/mweb/pl?search_type=role&all_cloth_list__and=12902&order_by=price%20ASC,12902
永夜极光,https://patchwiki.biligame.com/images/dwrg/3/38/9y9x0nwxof0n4lpvrvk6h9qmhqepv7f.png,280,260,很欧的号子，战绩可查，有永夜极光和放映厅、医生年限挂件,https://id5.cbg.163.com/cgi/mweb/pl?search_type=role&all_cloth_list__and=6332&order_by=price%20ASC,6332
壹原侑子,https://patchwiki.biligame.com/images/dwrg/a/a0/j9l4qu4k61yu4zqdw904dcfntvwqes9.png,510,450,4859紫薯，20030线索，3578灯泡，564回声。,https://id5.cbg.163.com/cgi/mweb/pl?search_type=role&all_cloth_list__and=6338&order_by=price%20ASC,6338
海神之冕,https://patchwiki.biligame.com/images/dwrg/8/81/kimalmsijtlyg42w1a2wt8sbpnm1pp8.png,428,370,7位ID开服老号，有限定随从和红玫瑰手杖，1000灯泡,https://id5.cbg.163.com/cgi/mweb/pl?search_type=role&all_cloth_list__and=6403&order_by=price%20ASC,6403
灾厄之主,https://patchwiki.biligame.com/images/dwrg/7/75/q090lem69xkohci504ivvesfxllh2ls.png,120,100,黄衣小情号,https://id5.cbg.163.com/cgi/mweb/pl?search_type=role&all_cloth_list__and=6422&order_by=price%20ASC,6422
赤宴,https://patchwiki.biligame.com/images/dwrg/4/4c/egkpliuvsfks0ur9ndwismwj8p5tiny.png,2540,2400,可小刀，最少2700米??,https://id5.cbg.163.com/cgi/mweb/pl?search_type=role&all_cloth_list__and=8502&order_by=price%20ASC,8502
黄金比例,https://patchwiki.biligame.com/images/dwrg/7/7b/mt8ghhjvi0nnsgoj8zcbku1tcuk0tjw.png,999,1020,全标金 枝 黄金比例 本人高中牲 一周回家一次 买家们请尽量周五周六进行还价 我才有可能看到，不然会失效,https://id5.cbg.163.com/cgi/mweb/pl?search_type=role&all_cloth_list__and=10402&order_by=price%20ASC,10402
纳西瑟斯,https://patchwiki.biligame.com/images/dwrg/e/e6/1ros1at5s9e0n2iowbvynfa9hk1hrpj.png,290,290,纳西瑟斯富江号，还有一千窥镜和万薯，新赛季珍宝还在可以抽奖，急出，300已经最低不还价,https://id5.cbg.163.com/cgi/mweb/pl?search_type=role&all_cloth_list__and=10410&order_by=price%20ASC,10410
灵狐,https://patchwiki.biligame.com/images/dwrg/2/27/frgdk3f99tn6wjgfa337bj5wvjwouzh.png,289,290,急出,https://id5.cbg.163.com/cgi/mweb/pl?search_type=role&all_cloth_list__and=13902&order_by=price%20ASC,13902
邪眼寄主,https://patchwiki.biligame.com/images/dwrg/c/c2/c0u6os17fic0dorv9vl3p3bssixi986.png,200,180,哥哥姐姐们看看吧。便宜，内测老账号，有内测专属皮肤牛仔，积累优质紫皮和挂件多多，等你来,https://id5.cbg.163.com/cgi/mweb/pl?search_type=role&all_cloth_list__and=120&order_by=price%20ASC,120
艾札克・佛斯特,https://patchwiki.biligame.com/images/dwrg/2/28/hcfdpnipolypx6r20f4ndnzjdc7xtau.png,498,570,扎克联动金皮喂,https://id5.cbg.163.com/cgi/mweb/pl?search_type=role&all_cloth_list__and=140&order_by=price%20ASC,140
心锁,https://patchwiki.biligame.com/images/dwrg/c/cb/bd4qpe9hb44wxd7e24a27r32i3mu2vp.png,699,780,全美女金心锁，有锦中麟，箭囊和怀表，机械师小情加上锁芯更漂亮！可还价,https://id5.cbg.163.com/cgi/mweb/pl?search_type=role&all_cloth_list__and=3440&order_by=price%20ASC,3440
明日之辉,https://patchwiki.biligame.com/images/dwrg/b/b1/7xj7lpwnzlk6gc6gun0zl2di9cljuol.png,400,399,沉默宫殿,https://id5.cbg.163.com/cgi/mweb/pl?search_type=role&all_cloth_list__and=6809&order_by=price%20ASC,6809
惊鸿,https://patchwiki.biligame.com/images/dwrg/1/1e/4ltyo4d4dmfihtbc76pgwwgg273psce.png,340,260,惊鸿套,https://id5.cbg.163.com/cgi/mweb/pl?search_type=role&all_cloth_list__and=6839&order_by=price%20ASC,6839
名誉首席,https://patchwiki.biligame.com/images/dwrg/3/33/kuunca9fqq59ozx6ge1zkeill10em0z.png,100,100,电厨极品id，小美女号，祭司限定金，还剩三天下架，喜欢抓紧拿下,https://id5.cbg.163.com/cgi/mweb/pl?search_type=role&all_cloth_list__and=6849&order_by=price%20ASC,6849
熔岩蛋糕,https://patchwiki.biligame.com/images/dwrg/0/0b/6sg3gmlyt1py3umztra70keba4wg1fc.png,520,570,官服小裸号,https://id5.cbg.163.com/cgi/mweb/pl?search_type=role&all_cloth_list__and=10602&order_by=price%20ASC,10602
永恒,https://patchwiki.biligame.com/images/dwrg/b/b0/0emb2sdmwx6utpyz50pfnwjbrx617l2.png,400,430,1w7紫薯，880灯泡，救人位可玩性高，紫虎尾,https://id5.cbg.163.com/cgi/mweb/pl?search_type=role&all_cloth_list__and=12402&order_by=price%20ASC,12402
赤松枫,https://patchwiki.biligame.com/images/dwrg/a/ac/ho53wdnv9ltqclzrpe7148fo5cl2q7e.png,470,510,记者联动金皮赤松枫,https://id5.cbg.163.com/cgi/mweb/pl?search_type=role&all_cloth_list__and=12405&order_by=price%20ASC,12405
寒香舞,https://patchwiki.biligame.com/images/dwrg/f/f0/bk211papu5sijra0lz8774916sz98w6.png,425,480,下一级阅历奖励500灯泡??、资源：1000灯泡、4000紫薯。还有很多远古宠物，可以查id看界面,https://id5.cbg.163.com/cgi/mweb/pl?search_type=role&all_cloth_list__and=3227&order_by=price%20ASC,3227
菖蒲,https://patchwiki.biligame.com/images/dwrg/a/ab/mg1zotdt38wnhfq7stfi2pq7zcwx3g0.png,230,280,单金菖蒲+推理爱神之吻头像+p5蓝挂，紫皮好看无丑，4个带标联动皮，双叶是套，有小女孩蓝挂气球（主页已展示）,https://id5.cbg.163.com/cgi/mweb/pl?search_type=role&all_cloth_list__and=3237&order_by=price%20ASC,3237
引魂人,https://patchwiki.biligame.com/images/dwrg/6/69/pj7vmpe7dl6y82p2f5z33v2jmz8y5rd.png,899,900,单金引魂人 面板干净,https://id5.cbg.163.com/cgi/mweb/pl?search_type=role&all_cloth_list__and=8703&order_by=price%20ASC,8703
日向创,https://patchwiki.biligame.com/images/dwrg/1/1d/rvnx3ifd1bk02ia1ji8vhma7fbmowkn.png,600,588,日向单金，资源多，2k灯泡，玩了很久的号，有很多动作头像框,https://id5.cbg.163.com/cgi/mweb/pl?search_type=role&all_cloth_list__and=8719&order_by=price%20ASC,8719
中原中也,https://patchwiki.biligame.com/images/dwrg/d/dd/rthh03psqztgn0hibjm3ld9qdz6ksja.png,520,540,中原中也套,https://id5.cbg.163.com/cgi/mweb/pl?search_type=role&all_cloth_list__and=8726&order_by=price%20ASC,8726
索菲亚,https://patchwiki.biligame.com/images/dwrg/e/ef/pv4o8sdwx8h61zjiyiynip8wtcwsr12.png,600,729,索菲亚??鬼烛，全女金，杰克爱德华联动不速之客??幸运儿弹丸联动苗木诚??心理芙丽莲联动菲伦，近400回声，800灯泡没领。支付宝开了，喜欢就拿下！,https://id5.cbg.163.com/cgi/mweb/pl?search_type=role&all_cloth_list__and=10002&order_by=price%20ASC,10002
穆希卡,https://patchwiki.biligame.com/images/dwrg/d/d9/d9xdxg56hpr9pqo8372fnsow4x9490p.png,100,110,挺不错的,https://id5.cbg.163.com/cgi/mweb/pl?search_type=role&all_cloth_list__and=10010&order_by=price%20ASC,10010
箜篌,https://patchwiki.biligame.com/images/dwrg/7/7d/kxp0l0uhzvoddirmpk7i2tr2u7gnl14.png,489,489,窥镜已满1000可以兑换金皮，号内有两个三天金皮体验卡，老号可以用电脑玩,https://id5.cbg.163.com/cgi/mweb/pl?search_type=role&all_cloth_list__and=10017&order_by=price%20ASC,10017
欺惑之燕,https://patchwiki.biligame.com/images/dwrg/a/af/e8a5le0vp9r3cbqenulylf6zdfrpib3.png,670,670,221b联动归宿，多紫薯，最小单金无丑。,https://id5.cbg.163.com/cgi/mweb/pl?search_type=role&all_cloth_list__and=11502&order_by=price%20ASC,11502
倒逆之汞,https://patchwiki.biligame.com/images/dwrg/c/c0/of6id3wvbfc84b81bttwn5twg363x6v.png,129,110,律师金皮金挂+园丁牛仔～,https://id5.cbg.163.com/cgi/mweb/pl?search_type=role&all_cloth_list__and=1533&order_by=price%20ASC,1533
金匠,https://patchwiki.biligame.com/images/dwrg/7/78/j0r4a10q2lvj92qcr8mo8vwffpk0jm1.png,300,300,800灯泡,https://id5.cbg.163.com/cgi/mweb/pl?search_type=role&all_cloth_list__and=1908&order_by=price%20ASC,1908
熔铁猎犬,https://patchwiki.biligame.com/images/dwrg/7/7b/hxyeh1y0df2exrfzdlpho2djup0d7l9.png,220,220,现赛季四阶3监管排位比较好打，三个金皮,https://id5.cbg.163.com/cgi/mweb/pl?search_type=role&all_cloth_list__and=1916&order_by=price%20ASC,1916
怒火,https://patchwiki.biligame.com/images/dwrg/8/8b/bevsw4vp0y1dicrru0dbz971cza6c89.png,460,480,520灯泡还有十几个珍宝,https://id5.cbg.163.com/cgi/mweb/pl?search_type=role&all_cloth_list__and=11202&order_by=price%20ASC,11202
荧,https://patchwiki.biligame.com/images/dwrg/c/c5/qykkzgn4cg4oprc35zo9hrdhe551yj8.png,450,450,全阁最低单金荧 快买快买我买不了号了宝子们,https://id5.cbg.163.com/cgi/mweb/pl?search_type=role&all_cloth_list__and=13103&order_by=price%20ASC,13103
岩鸽,https://patchwiki.biligame.com/images/dwrg/5/50/c6mmbkkfgko70qwmbjtqxhcoivi473y.png,475,437,岩鸽，猎龙者，已经是最低价格了，亏本卖，想要的早点买。,https://id5.cbg.163.com/cgi/mweb/pl?search_type=role&all_cloth_list__and=2132&order_by=price%20ASC,2132
黄金蛋糕,https://patchwiki.biligame.com/images/dwrg/0/00/s9gin85n5pn9prvkhs91h3uybhtphx0.png,800,699,有永生相随，盲女挂件多，最低了，不看还价,https://id5.cbg.163.com/cgi/mweb/pl?search_type=role&all_cloth_list__and=6206&order_by=price%20ASC,6206
瓦姬特,https://patchwiki.biligame.com/images/dwrg/3/3b/d7itc6u004gpkicuh9s1ub8s4wjj5ou.png,666,799,瓦姬特，白无垢,https://id5.cbg.163.com/cgi/mweb/pl?search_type=role&all_cloth_list__and=8102&order_by=price%20ASC,8102
川上富江,https://patchwiki.biligame.com/images/dwrg/7/7f/df07t377ties20klzeegcf2jn2f9k3k.png,100,100,川上富江，坂本龙司，要饿死了急出，可小刀,https://id5.cbg.163.com/cgi/mweb/pl?search_type=role&all_cloth_list__and=8105&order_by=price%20ASC,8105
信使,https://patchwiki.biligame.com/images/dwrg/e/e7/jj2e60xgbgcxk6gkex41yy9jsqegmwm.png,399,390,12年寒窗苦读即将引来结果，以此明志，小欧，经常出紫皮，可小刀，不太离谱都能通过,https://id5.cbg.163.com/cgi/mweb/pl?search_type=role&all_cloth_list__and=8118&order_by=price%20ASC,8118
KING-h1,https://patchwiki.biligame.com/images/dwrg/7/7f/cwcoqdta3oimwcz3dcepnomd1xki2ro.png,330,350,木偶全标金，资源还有很多，祝老板天天开心,https://id5.cbg.163.com/cgi/mweb/pl?search_type=role&all_cloth_list__and=13403&order_by=price%20ASC,13403
国王的裁缝,https://patchwiki.biligame.com/images/dwrg/7/7a/imrudeeoi4ogkap0cv7gmiwbm5czw4q.png,500,450,牛仔一限 胜率好看 前锋垫球动作 佣兵虎尾 园丁牛仔 急出可还价,https://id5.cbg.163.com/cgi/mweb/pl?search_type=role&all_cloth_list__and=7302&order_by=price%20ASC,7302
结晶体,https://patchwiki.biligame.com/images/dwrg/3/32/1yw99476hqwjkpm1tu5w6lk0db05023.png,920,1080,单金结晶体+配套挂件 只看订还了,https://id5.cbg.163.com/cgi/mweb/pl?search_type=role&all_cloth_list__and=8602&order_by=price%20ASC,8602
三面神,https://patchwiki.biligame.com/images/dwrg/0/0f/a84inr113whgwia5kh5ttpt6sda8a3w.png,420,400,三面神盲女金 破轮情号 可以刀 想要就点还价,https://id5.cbg.163.com/cgi/mweb/pl?search_type=role&all_cloth_list__and=10202&order_by=price%20ASC,10202
速滑种子,https://patchwiki.biligame.com/images/dwrg/5/51/bexh7fwzlro8sqcreq2atrjk0zwagig.png,375,400,可小刀，联动皮多，缺钱急出,https://id5.cbg.163.com/cgi/mweb/pl?search_type=role&all_cloth_list__and=5933&order_by=price%20ASC,5933
蝰,https://patchwiki.biligame.com/images/dwrg/b/b4/5bxfpqi2xxyj8v9xz1oxadbsl3a7uoz.png,600,599,单金蝰,https://id5.cbg.163.com/cgi/mweb/pl?search_type=role&all_cloth_list__and=9702&order_by=price%20ASC,9702
太宰治,https://patchwiki.biligame.com/images/dwrg/b/bc/67hpex9q9w36omyzvkn6cmhmmredldx.png,450,400,ovo 还价别太过分就行,https://id5.cbg.163.com/cgi/mweb/pl?search_type=role&all_cloth_list__and=9721&order_by=price%20ASC,9721
驱魔人,https://patchwiki.biligame.com/images/dwrg/0/00/db7sqeanu7ans5yf1rlqef871le0jrg.png,1700,1666,驱魔人，4万紫薯，4千窥镜，可以换多7个金皮，紫皮也很好，很多推理紫，七海，稻草人等等。,https://id5.cbg.163.com/cgi/mweb/pl?search_type=role&all_cloth_list__and=7902&order_by=price%20ASC,7902
神眷,https://patchwiki.biligame.com/images/dwrg/4/4f/r7d64fl5achg9nnnr8l1dty45hxrjuj.png,700,699,宝宝们已经是亏出了，低于650婉拒了抱歉,https://id5.cbg.163.com/cgi/mweb/pl?search_type=role&all_cloth_list__and=6602&order_by=price%20ASC,6602
东风遥,https://patchwiki.biligame.com/images/dwrg/c/c1/koinkv84gncwnvb01wg1xgy3v08nu3p.png,500,641,？这么久了还没人要？服了，这周星期天结束取回了，不放在藏宝阁上落灰了，我自己玩，谢谢你们高抬贵手。,https://id5.cbg.163.com/cgi/mweb/pl?search_type=role&all_cloth_list__and=6607&order_by=price%20ASC,6607
亘古双星,https://patchwiki.biligame.com/images/dwrg/5/54/6o2nenffaz59b53cp7mt1pjxubguh32.png,198,234,宿伞深渊金皮亘古金皮皮皮,https://id5.cbg.163.com/cgi/mweb/pl?search_type=role&all_cloth_list__and=6622&order_by=price%20ASC,6622
总裁判长,https://patchwiki.biligame.com/images/dwrg/d/de/4j0vt04qlfpibssuwc3rf5tfc0ncso6.png,700,800,总审判长+逃罪,https://id5.cbg.163.com/cgi/mweb/pl?search_type=role&all_cloth_list__and=7419&order_by=price%20ASC,7419
亡灵之主,https://patchwiki.biligame.com/images/dwrg/9/95/81q1bj9l62j4xr4goygavrcd8vgd6kc.png,820,750,亡灵之主 可小刀 大刀不接 谢谢配合,https://id5.cbg.163.com/cgi/mweb/pl?search_type=role&all_cloth_list__and=7428&order_by=price%20ASC,7428
白松露,https://patchwiki.biligame.com/images/dwrg/7/79/s9yty2l6tw8kzr64jq08rhe7smsefkn.png,678,698,使徒小情，适合自玩,https://id5.cbg.163.com/cgi/mweb/pl?search_type=role&all_cloth_list__and=9502&order_by=price%20ASC,9502
日落黄沙,https://patchwiki.biligame.com/images/dwrg/e/e6/1wxjqotp623f9x8mkcou1ipu47mjoh3.png,310,288,日落黄沙，东西少，好发展，价格可议,https://id5.cbg.163.com/cgi/mweb/pl?search_type=role&all_cloth_list__and=9605&order_by=price%20ASC,9605
蚀日者,https://patchwiki.biligame.com/images/dwrg/9/99/g4xqnd7h0uvwyqsno99d85mjzhij9i7.png,750,740,守夜人限定金，学业忙没时间玩，留些钱买块手表,https://id5.cbg.163.com/cgi/mweb/pl?search_type=role&all_cloth_list__and=12602&order_by=price%20ASC,12602
哲人石,https://patchwiki.biligame.com/images/dwrg/0/0c/d8zxfvbqe4w4ne2k0iboa0yjh18k8nk.png,360,320,急出低价挂几天 有囚徒电竞全套,https://id5.cbg.163.com/cgi/mweb/pl?search_type=role&all_cloth_list__and=12611&order_by=price%20ASC,12611
墨菲斯的门廊,https://patchwiki.biligame.com/images/dwrg/1/19/9fpa6h24aazfmuc0c6x46legluvg301.png,180,196,官服iv限定号 可小刀 还算欧的号 隐士金挂刚出前几发就拿到了 艾维限定也是抽了没多少就出了 标价有点高了  心理价是一百八到两百。,https://id5.cbg.163.com/cgi/mweb/pl?search_type=role&all_cloth_list__and=13602&order_by=price%20ASC,13602
珊瑚夫人,https://patchwiki.biligame.com/images/dwrg/5/5d/2rcjk0gc364jtjo7cns6213ijrx9ai3.png,1499,1400,珊瑚夫人，红玫瑰手账，七位数ID，开服老账户。,https://id5.cbg.163.com/cgi/mweb/pl?search_type=role&all_cloth_list__and=7202&order_by=price%20ASC,7202
鸽子般的尤迪特,https://patchwiki.biligame.com/images/dwrg/7/7c/dhprmopep0bf3jht9kcqg6g6j5gqim8.png,1200,1196,调香鸽子，调香祭司双虚妄挂件可??,https://id5.cbg.163.com/cgi/mweb/pl?search_type=role&all_cloth_list__and=7244&order_by=price%20ASC,7244
裁决之酒,https://patchwiki.biligame.com/images/dwrg/8/8c/efbmzoxwchbu4zmpz68px4z32vpwjoa.png,400,388,调酒一限 裁决之酒，窃梦行者。一万四千多紫薯。有深渊三限定随从,https://id5.cbg.163.com/cgi/mweb/pl?search_type=role&all_cloth_list__and=9102&order_by=price%20ASC,9102
驯兽师,https://patchwiki.biligame.com/images/dwrg/9/94/hk7wx9ow2u84h8hd02vfngqpeefh54p.png,1520,1360,驯兽单金fox,https://id5.cbg.163.com/cgi/mweb/pl?search_type=role&all_cloth_list__and=3606&order_by=price%20ASC,3606
克罗托,https://patchwiki.biligame.com/images/dwrg/d/d5/qptqite02676rjr9mtvjxve68xex9iz.png,2290,2000,急出,https://id5.cbg.163.com/cgi/mweb/pl?search_type=role&all_cloth_list__and=3621&order_by=price%20ASC,3621
晖之羽,https://patchwiki.biligame.com/images/dwrg/5/5d/5tk9nl06yony7o83i27jkbvm9tq4dsx.png,640,640,有鱼龙舞 囚徒小情,https://id5.cbg.163.com/cgi/mweb/pl?search_type=role&all_cloth_list__and=10702&order_by=price%20ASC,10702
异界行者,https://patchwiki.biligame.com/images/dwrg/d/d5/6ssr541jlnx991il8rnikyqnk34rv28.png,250,249,5-0-0干净面板 近百骰1k灵感,https://id5.cbg.163.com/cgi/mweb/pl?search_type=role&all_cloth_list__and=223&order_by=price%20ASC,223
变脸王,https://patchwiki.biligame.com/images/dwrg/f/fb/tcixeoglwd168mn9niknitg88ryxwd4.png,150,200,不玩了，要和生活对线了。喜欢就买了吧。,https://id5.cbg.163.com/cgi/mweb/pl?search_type=role&all_cloth_list__and=230&order_by=price%20ASC,230
夜行枭,https://patchwiki.biligame.com/images/dwrg/8/8b/3jd63sby1g1vf6npkid1kglvip506ps.png,600,520,今天的天好冷，和你的心一样冷,https://id5.cbg.163.com/cgi/mweb/pl?search_type=role&all_cloth_list__and=7802&order_by=price%20ASC,7802
怪盗基德,https://patchwiki.biligame.com/images/dwrg/b/bb/1zsegl67579sf05zisufnehs2jab3xs.png,700,800,怪盗基德，昆虫联动金,https://id5.cbg.163.com/cgi/mweb/pl?search_type=role&all_cloth_list__and=7821&order_by=price%20ASC,7821
芥川龙之介,https://patchwiki.biligame.com/images/dwrg/1/15/ffbwma0snso6v7xtwt19x03nvygo9g2.png,300,369,who can try，出不去自留了,https://id5.cbg.163.com/cgi/mweb/pl?search_type=role&all_cloth_list__and=7830&order_by=price%20ASC,7830
炼狱奏曲,https://patchwiki.biligame.com/images/dwrg/c/c2/ixxnehmzygz1bfgp6rf8s9zoj9dhzhq.png,390,310,4k紫薯??线索,https://id5.cbg.163.com/cgi/mweb/pl?search_type=role&all_cloth_list__and=9802&order_by=price%20ASC,9802
苍鹭之翼,https://patchwiki.biligame.com/images/dwrg/8/86/q4yiserowyrws6egj8taq2nwqhmhgt8.png,860,780,10抽精华还还没有领，有弄影和茅龙书，攒钱看演唱会，快点出了吧，要不你们小刀一下??还价620的可以毕业了，我1500收的,https://id5.cbg.163.com/cgi/mweb/pl?search_type=role&all_cloth_list__and=11002&order_by=price%20ASC,11002
恶之源,https://patchwiki.biligame.com/images/dwrg/5/53/5ji0fr4qg3roqf8ct2whcliqrgzdwnt.png,3500,3650,支持支付宝,https://id5.cbg.163.com/cgi/mweb/pl?search_type=role&all_cloth_list__and=11102&order_by=price%20ASC,11102
空,https://patchwiki.biligame.com/images/dwrg/b/b1/4xe5cvwfs480fgk0hjsv1bq2z4pve0i.png,480,460,小说家伴身金大师牌漂亮号，欧号，紫薯有9000＋新手礼包还有没买完。,https://id5.cbg.163.com/cgi/mweb/pl?search_type=role&all_cloth_list__and=11303&order_by=price%20ASC,11303
试运者,https://patchwiki.biligame.com/images/dwrg/1/12/kpvi1lgsf7moo5kas4wm0g6m0h1dymm.png,550,550,还有两张奇珍解锁卡,https://id5.cbg.163.com/cgi/mweb/pl?search_type=role&all_cloth_list__and=1438&order_by=price%20ASC,1438
宇宙女巫,https://patchwiki.biligame.com/images/dwrg/b/bf/8dtytstb556gfsnu07hn3z956cucymf.png,540,499,"皮肤多多 宇宙+司药+富江+长夜 夏日金三个 
萤之羽+守护者+手杖 小欧号 有小孩拉拉曲曲深渊皮
Rice+靠谝灰+乱步+Fox 多紫皮角色亮点
头像框有小惊喜 精装事务所  无丑皮同配置阁内最低",https://id5.cbg.163.com/cgi/mweb/pl?search_type=role&all_cloth_list__and=1736&order_by=price%20ASC,1736
红衣人,https://patchwiki.biligame.com/images/dwrg/e/ee/k8jiy41rgnwxr113qu91d6btp9a8zgn.png,1850,1700,还有张紫皮卡,https://id5.cbg.163.com/cgi/mweb/pl?search_type=role&all_cloth_list__and=2527&order_by=price%20ASC,2527
中岛敦,https://patchwiki.biligame.com/images/dwrg/4/4c/mzwjpqf2jhqn3e9aihebft5pvrxj9to.png,285,300,中岛敦，有一张紫皮卡。,https://id5.cbg.163.com/cgi/mweb/pl?search_type=role&all_cloth_list__and=2534&order_by=price%20ASC,2534
珍奇柜,https://patchwiki.biligame.com/images/dwrg/0/04/nrq012xyi2rgqotapscg7r0uwuta3dg.png,350,350,求速出,https://id5.cbg.163.com/cgi/mweb/pl?search_type=role&all_cloth_list__and=2540&order_by=price%20ASC,2540
大英雄,https://patchwiki.biligame.com/images/dwrg/8/84/2k2lfpko5rslwdhqn3989r4152v8pbh.png,358,300,没招了 便宜出了,https://id5.cbg.163.com/cgi/mweb/pl?search_type=role&all_cloth_list__and=8802&order_by=price%20ASC,8802
初拥,https://patchwiki.biligame.com/images/dwrg/b/b7/dl01jb72126lvjatmghhkc393ik3835.png,380,399,全人,https://id5.cbg.163.com/cgi/mweb/pl?search_type=role&all_cloth_list__and=9402&order_by=price%20ASC,9402
圣诞信使,https://patchwiki.biligame.com/images/dwrg/7/77/4epx01twnwaj79e45jnnqz0lne1ubip.png,315,300,圣诞 心理深渊 芳泽霞,https://id5.cbg.163.com/cgi/mweb/pl?search_type=role&all_cloth_list__and=9420&order_by=price%20ASC,9420
静默之戟,https://patchwiki.biligame.com/images/dwrg/e/e7/bovftomp11gvxec78h2gx1np3yjds6w.png,3555,3299,白菜抽奖，早买早享受，渔渔还加强了不带回家吗，最后一天了，出不掉自留了。,https://id5.cbg.163.com/cgi/mweb/pl?search_type=role&all_cloth_list__and=10902&order_by=price%20ASC,10902
典狱长,https://patchwiki.biligame.com/images/dwrg/3/38/41a05cap2kf4qbltjzous10vay1rw7d.png,1248,1100,金纹大触，野人大英雄，典狱长，佣兵蒸汽少年，调香师时之砂,https://id5.cbg.163.com/cgi/mweb/pl?search_type=role&all_cloth_list__and=12702&order_by=price%20ASC,12702
罪恶熔火,https://patchwiki.biligame.com/images/dwrg/d/d4/5mrxdoc4jsj4v6svobn21fc9z9ry3s1.png,535,475,罪恶熔火限定金，还有12786紫薯、28067线索和853灯泡,https://id5.cbg.163.com/cgi/mweb/pl?search_type=role&all_cloth_list__and=13302&order_by=price%20ASC,13302
黄金烛台,https://patchwiki.biligame.com/images/dwrg/8/81/fohzn63kh1y22imp4rm9syet3v8tk6s.png,380,420,剩很多回声 永生鸟 公正之哨,https://id5.cbg.163.com/cgi/mweb/pl?search_type=role&all_cloth_list__and=6007&order_by=price%20ASC,6007
“宿命”,https://patchwiki.biligame.com/images/dwrg/1/17/7hq6vhzcsk706fz7lc7w94t5af1vreg.png,870,773,2.8w紫薯 1.5w线索,https://id5.cbg.163.com/cgi/mweb/pl?search_type=role&all_cloth_list__and=8302&order_by=price%20ASC,8302
陌路仙踪,https://patchwiki.biligame.com/images/dwrg/2/22/37n7woyzeoqwq693lnps60usl1animc.png,950,950,8金，陌路仙踪，初晴，冠军舵手。,https://id5.cbg.163.com/cgi/mweb/pl?search_type=role&all_cloth_list__and=8316&order_by=price%20ASC,8316
JOKER,https://patchwiki.biligame.com/images/dwrg/0/09/bpsdfd27zxqn8e9vimu56uw9996bbhr.png,440,450,红夫人虚望挂件，Joker,https://id5.cbg.163.com/cgi/mweb/pl?search_type=role&all_cloth_list__and=8903&order_by=price%20ASC,8903
雨燕先生,https://patchwiki.biligame.com/images/dwrg/e/e8/8vesvshrhmigd1wgsvf29iwjewyafh9.png,1100,1050,杂技演员“雨燕先生”??,https://id5.cbg.163.com/cgi/mweb/pl?search_type=role&all_cloth_list__and=8904&order_by=price%20ASC,8904
猎龙者,https://patchwiki.biligame.com/images/dwrg/f/fb/l7scdu6sxvk2q1mguq2b3vphq13murp.png,250,217,1k+灯泡，作曲中情，精美归宿，全阁最低，性价比很高，玩了好几年的老号,https://id5.cbg.163.com/cgi/mweb/pl?search_type=role&all_cloth_list__and=11403&order_by=price%20ASC,11403
伊莎贝拉,https://patchwiki.biligame.com/images/dwrg/9/98/de5i51198x6pdsiqac1tfeto1q628g8.png,199,198,伊莎贝拉,https://id5.cbg.163.com/cgi/mweb/pl?search_type=role&tfid=f_kingkong&refer_sn=019192A3-66DD-1266-1A78-48933C642465&all_cloth_list__and=8517&order_by=price%20ASC,8517
灰云,https://patchwiki.biligame.com/images/dwrg/f/f2/5ca18u2j8pod41v4pdsxksipqj894c1.png,190,190,。,https://id5.cbg.163.com/cgi/mweb/pl?search_type=role&tfid=f_kingkong&refer_sn=019192A3-66DD-1266-1A78-48933C642465&all_cloth_list__and=14002&order_by=price%20ASC,14002
十三娘,https://patchwiki.biligame.com/images/dwrg/e/ec/1dieuo5fpeyv6wk12q8ytc7nirokpmv.png,1588,1400,有红蝶邮政涂鸦 古堡 剩121回升,https://id5.cbg.163.com/cgi/mweb/pl?search_type=role&tfid=f_kingkong&refer_sn=019192A3-66DD-1266-1A78-48933C642465&all_cloth_list__and=6328&order_by=price%20ASC,6328
推理先生,https://patchwiki.biligame.com/images/dwrg/5/5a/ltkb9dj0n6to3dcna5ubnitx61gbe2w.png,2268,1856,推理先生,https://id5.cbg.163.com/cgi/mweb/pl?search_type=role&tfid=f_kingkong&refer_sn=019192A3-66DD-1266-1A78-48933C642465&all_cloth_list__and=2521&order_by=price%20ASC,2521
真相小姐,https://patchwiki.biligame.com/images/dwrg/1/18/mekblji44nomseify97qf4htvl5jqia.png,478,478,已开支付宝。双字id ，开服老号，9k紫薯近900灯泡，精美归宿，性价比很高很美,https://id5.cbg.163.com/cgi/mweb/pl?search_type=role&tfid=f_kingkong&refer_sn=019192A3-66DD-1266-1A78-48933C642465&all_cloth_list__and=1720&order_by=price%20ASC,1720
“D.M”,https://patchwiki.biligame.com/images/dwrg/1/11/f4a135jr1efrnkf9knv0ddq07mshya1.png,2999,2799,长期挂，还价别太离谱都可以接受,https://id5.cbg.163.com/cgi/mweb/pl?search_type=role&tfid=f_kingkong&refer_sn=019192A3-66DD-1266-1A78-48933C642465&all_cloth_list__and=7420&order_by=price%20ASC,7420
“白”,https://patchwiki.biligame.com/images/dwrg/0/0f/bj5gj17vv27rhgfd1zd3cqy0gar61d4.png,3266,3050,这个价挂一天，没人收改回原价慢慢出,https://id5.cbg.163.com/cgi/mweb/pl?search_type=role&tfid=f_kingkong&refer_sn=019192A3-66DD-1266-1A78-48933C642465&all_cloth_list__and=7828&order_by=price%20ASC,7828
“黯”,https://patchwiki.biligame.com/images/dwrg/3/39/pm3kv5vyhgd3i76i83twrfjokrmx3ne.png,700,720,阁内最裸最低适自养,https://id5.cbg.163.com/cgi/mweb/pl?search_type=role&tfid=f_kingkong&refer_sn=019192A3-66DD-1266-1A78-48933C642465&all_cloth_list__and=7829&order_by=price%20ASC,7829
“加特”,https://patchwiki.biligame.com/images/dwrg/6/6a/akxlvcqpkkrjpwxsvo23n1m1b2jm5fc.png,980,985,无人要这只加特宝宝吗????????????,https://id5.cbg.163.com/cgi/mweb/pl?search_type=role&tfid=f_kingkong&refer_sn=019192A3-66DD-1266-1A78-48933C642465&all_cloth_list__and=7927&order_by=price%20ASC,7927
猩红新娘,https://patchwiki.biligame.com/images/dwrg/6/6c/4sainvskbvejhn1j639lvqj9algt964.png,420,389,阁内最低腥红配虚妄挂件，ID以及面板都很不错的一个小号，还价我会慎重考虑，喜欢的可以看过来了,https://id5.cbg.163.com/cgi/mweb/pl?search_type=role&tfid=f_kingkong&refer_sn=019192A3-66DD-1266-1A78-48933C642465&all_cloth_list__and=7220&order_by=price%20ASC,7220
海盗巫医,https://patchwiki.biligame.com/images/dwrg/c/c7/glt4u7gppze94g2y0uiez3pq3focepp.png,400,350,有机械师限定船舶技师 2018年老号,https://id5.cbg.163.com/cgi/mweb/pl?search_type=role&tfid=f_kingkong&refer_sn=019192A3-66DD-1266-1A78-48933C642465&all_cloth_list__and=1406&order_by=price%20ASC,1406
嗜金海怪,https://patchwiki.biligame.com/images/dwrg/3/35/ghesgnkqexmhwy6tlmsyentdz64jqdf.png,301,400,深渊一深渊二限定金，白孔雀，时之砂。两个限时金都有配套挂件。1.3万紫薯。可zfb,https://id5.cbg.163.com/cgi/mweb/pl?search_type=role&tfid=f_kingkong&refer_sn=019192A3-66DD-1266-1A78-48933C642465&all_cloth_list__and=3017&order_by=price%20ASC,3017
温泉煮酒,https://patchwiki.biligame.com/images/dwrg/2/28/meh6sml7lxgk602rif00u5ji818zglf.png,450,420,单金温泉煮酒,https://id5.cbg.163.com/cgi/mweb/pl?search_type=role&tfid=f_kingkong&refer_sn=019192A3-66DD-1266-1A78-48933C642465&all_cloth_list__and=12202&order_by=price%20ASC,12202
恸哭,https://patchwiki.biligame.com/images/dwrg/2/2e/co93snv1wnt5whupr05pqrd4v7ouxzd.png,520,420,"第五赛季古早号，有一些早期限定，空军寒香舞大全套，杰克爱德华联动，爱哭鬼公益皮，盲女音波一套，牛仔断剑等等
还有入殓师二限，号上紫薯有1w+
慢挂，可小刀",https://id5.cbg.163.com/cgi/mweb/pl?search_type=role&all_cloth_list__and=8408&order_by=price%20ASC,8408
金靴,https://patchwiki.biligame.com/images/dwrg/8/8c/39ahfh8pzk0birj7ge2pms9ecx7idf7.png,699,699,金靴,https://id5.cbg.163.com/cgi/mweb/pl?search_type=role&tfid=f_kingkong&refer_sn=019192A3-66DD-1266-1A78-48933C642465&all_cloth_list__and=5907&order_by=price%20ASC,5907
枝M斗,https://patchwiki.biligame.com/images/dwrg/5/57/7da81ue9w54gmyr7kguf9f0cdkx9z3n.png,222,222,紫薯6000,https://id5.cbg.163.com/cgi/mweb/pl?search_type=role&tfid=f_kingkong&refer_sn=0191A3CC-D07F-A1CC-932F-252155B33DD6&all_cloth_list__and=2524&order_by=price%20ASC,2524
瑞吉儿・加德纳,https://patchwiki.biligame.com/images/dwrg/2/24/guw0up1su3lvqnez813i58sumqzosmt.png,329,350,全女 瑞吉儿,https://id5.cbg.163.com/cgi/mweb/pl?search_type=role&tfid=f_kingkong&refer_sn=0191A3CC-D07F-A1CC-932F-252155B33DD6&all_cloth_list__and=11111&order_by=price%20ASC,11111
七海千秋,https://patchwiki.biligame.com/images/dwrg/c/c6/gps0al3bkdw69v733jme4ihzopr4tel.png,290,350,七海  小五郎  苗木诚  滚滚  秀一,https://id5.cbg.163.com/cgi/mweb/pl?search_type=role&tfid=f_kingkong&refer_sn=0191A3CC-D07F-A1CC-932F-252155B33DD6&all_cloth_list__and=3434&order_by=price%20ASC,3434
金翼之球,https://patchwiki.biligame.com/images/dwrg/2/21/n2v4zt3ecpxxg1jt1hvo2w1ltvc6l0i.png,2500,2598,金球号 有颠球 慈善家一限 记者一限 逃脱限定 多资源有回声 人类历巅 有标签“灰太狼的普通好友” 最低价挂三天，出不掉自留,https://id5.cbg.163.com/cgi/mweb/pl?view_loc=search_cond&search_type=role&tfid=f_kingkong&refer_sn=0191A95A-5228-A515-3DB4-04217DEAA88F&decoration_lst__and=48&order_by=price%20ASC,
鉴赏家,https://patchwiki.biligame.com/images/dwrg/1/1e/0j5bzppegpt74l7qqp3uwwayu0yj0m6.png,800,888,全标金鉴赏家 肯德基全套 红夫人虚妄挂件 虚妄随从,https://id5.cbg.163.com/cgi/mweb/pl?view_loc=search_cond&search_type=role&tfid=f_kingkong&refer_sn=0191A95A-5228-A515-3DB4-04217DEAA88F&all_cloth_list__and=8514&order_by=price%20ASC,8514
废土旅人,https://patchwiki.biligame.com/images/dwrg/a/af/gimyastdoqamyrgbmhhq3owy8pfbrg3.png,750,699,机械师深渊蓝fei土旅人，昆虫带标紫很全，2w多紫薯 历史最低，速出一下。。。,https://id5.cbg.163.com/cgi/mweb/pl?search_type=role&order_by=price%20ASC&all_cloth_list__and=3417&refer_sn=0191A95E-D9FE-FDAA-FBDD-C5DB568CA6AA,3417
渊,https://patchwiki.biligame.com/images/dwrg/8/8f/q8zfarxbv92e3x7v6rkb3h0372kb4yo.png,100,100,急出,https://id5.cbg.163.com/cgi/mweb/pl?search_type=role&order_by=price%20ASC&all_cloth_list__and=12002&refer_sn=0191A95E-D9FE-FDAA-FBDD-C5DB568CA6AA,12002
赎命,https://patchwiki.biligame.com/images/dwrg/3/3b/je6449o6hpeijupx7etgsarib89yfea.png,888,890,"薄金180头,聂莫黎一套,赎命挂件有莹之羽,还有使徒的溯回皮.长挂慢出.",https://id5.cbg.163.com/cgi/mweb/pl?view_loc=search_cond&search_type=role&tfid=f_kingkong&refer_sn=0191AD67-6F28-DA97-AA45-FCD6563CCB29&all_cloth_list__and=1413&order_by=price%20ASC,1413
假面绅士,https://patchwiki.biligame.com/images/dwrg/4/4d/2th8eryq1va2wb5vdithff4pxt3js7p.png,499,490,假面绅士+魔典,https://id5.cbg.163.com/cgi/mweb/pl?view_loc=search_cond&search_type=role&tfid=f_kingkong&refer_sn=0191AD67-6F28-DA97-AA45-FCD6563CCB29&all_cloth_list__and=2116&order_by=price%20ASC,2116
“绯”,https://patchwiki.biligame.com/images/dwrg/e/e9/lm3jaxp2637llg9nqzt9l0ssxlfw1ix.png,750,690,应该是阁最低绯小裸，想给自己买个备用机求宝宝收接受小刀高中生晚上回家看还价救命那个还650的宝宝我看错了我以为还是那个恶意还价来搞我的??,https://id5.cbg.163.com/cgi/mweb/pl?search_type=role&tfid=f_kingkong&refer_sn=019232AC-7616-AAAA-3D77-F77401F50E8E&all_cloth_list__and=6845&order_by=price%20ASC,6845
温室,https://patchwiki.biligame.com/images/dwrg/3/3b/k9n5ys1s68bsym8f4p8qj3f3g68re1r.png,100,100,单金 背包还有很多体验和碎片分解大概有W+,https://id5.cbg.163.com/cgi/mweb/pl?view_loc=search_cond&search_type=role&tfid=f_kingkong&refer_sn=019231CB-C71D-D711-7733-8B66AFB47750&all_cloth_list__and=7929&order_by=price%20ASC,7929
麒麟商人,https://patchwiki.biligame.com/images/dwrg/8/8a/34gwgzrpjc76hc9jr8de1ag4pvj2eow.png,570,499,宿伞真理之下加约瑟夫金挂杰克宁芙，急出，可小刀，低于480不接受,https://id5.cbg.163.com/cgi/mweb/pl?view_loc=search_cond&search_type=role&tfid=f_kingkong&refer_sn=0192B8E3-E048-99EE-ED00-4D7057457A10&all_cloth_list__and=6624&order_by=price%20ASC,6624
红骑士,https://patchwiki.biligame.com/images/dwrg/7/74/ne3yku3zlk36zdgm6eu35torho4ng5o.png,280,256,还有两千多灯泡,https://id5.cbg.163.com/cgi/mweb/pl?search_type=role&tfid=f_kingkong&refer_sn=0192B8E5-31D3-E182-29C3-DCEB15E7460A&all_cloth_list__and=14102&order_by=price%20ASC,14102
星之王,https://patchwiki.biligame.com/images/dwrg/7/7e/njsbuwru6huvop7w1m783ls5em286e8.png,110,100,有喧嚣紫挂 7千紫薯 300窥镜,https://id5.cbg.163.com/cgi/mweb/pl?view_loc=search_cond&search_type=role&tfid=f_kingkong&all_cloth_list__and=14303&refer_sn=01935D50-78CF-5378-BE72-7BB1296B50B1&order_by=price%20ASC,14303
报社主编,https://patchwiki.biligame.com/images/dwrg/c/c0/0c2nzkhriko0cd0yeo9eo2epy3zw6oc.png,100,100,报社主编，辉锑矿,https://id5.cbg.163.com/cgi/mweb/pl?view_loc=search_cond&search_type=role&tfid=f_kingkong&all_cloth_list__and=2330&refer_sn=0193F7D7-0C6E-FDC7-6B4D-73093F451F0B&order_by=price%20ASC,2330
不息载械,https://patchwiki.biligame.com/images/dwrg/f/f5/kzf82rw58sgkldqbv5owreo8nqpbujg.png,100,100,号上还有1000多灯泡,https://id5.cbg.163.com/cgi/mweb/pl?view_loc=search_cond&search_type=role&tfid=f_kingkong&all_cloth_list__and=6031&refer_sn=01944EB2-8C10-441E-5D30-581EF4206900&conds_labels=%5B%22%E6%BB%A1%E8%B6%B3%E5%85%A8%E9%83%A8%3A%E8%9C%98%E8%9B%9B-%E4%B8%8D%E6%81%AF%E8%BD%BD%E6%A2%B0%22%5D&order_by=price%20ASC,6031
糖果少女,https://patchwiki.biligame.com/images/dwrg/4/4b/7rwuza4mtnm9es6l8ridy9q5e5kkph0.png,245,212,糖果少女，万紫薯，有放礼炮，飞吻，爱心的动作，56回声，折柳，幻灯师蓝皮，多金挂动作涂鸦，背包还有一些解锁卡，18年老号，祝你万事顺利=??????=,https://id5.cbg.163.com/cgi/mweb/pl?order_by=price%20ASC&search_type=role&all_cloth_list__and=3431&refer_sn=01944EB3-7554-47B9-AA18-A2924675B5FF&conds_labels=%5B%22%E6%BB%A1%E8%B6%B3%E5%85%A8%E9%83%A8%3A%E6%9C%BA%E6%A2%B0%E5%B8%88-%E7%B3%96%E6%9E%9C%E5%B0%91%E5%A5%B3%22%5D,3431
采风的仙灵,https://patchwiki.biligame.com/images/dwrg/7/7a/aub7jvk2vsvd5dq4zm9ccmw1nujdkea.png,255,225,蒸羊羔、蒸熊掌、蒸鹿尾儿，烧花鸭、烧维鸡、烧子鹅，卤猪、卤鸭、酱鸡、腊肉、松花小肚儿、晾肉、香肠儿，什锦苏盘、熏鸡白肚儿、清蒸八宝猪、江米酿鸭子,https://id5.cbg.163.com/cgi/mweb/pl?order_by=price%20ASC&search_type=role&all_cloth_list__and=14202&refer_sn=0194970C-537F-9913-4C26-0320A7D94034&conds_labels=%5B%22%E6%BB%A1%E8%B6%B3%E5%85%A8%E9%83%A8%3A%E6%B0%94%E8%B1%A1%E5%AD%A6%E5%AE%B6-%E9%87%87%E9%A3%8E%E7%9A%84%E4%BB%99%E7%81%B5%22%5D,14202
昔日的预言者,https://patchwiki.biligame.com/images/dwrg/0/01/ny8hmmfc3fcy17gdosi30aly5k6a2da.png,900,1020,虚幻昔日的预言者，4金，56紫，有服部平次，1.5万紫薯。有沉默宫殿。,https://id5.cbg.163.com/cgi/mweb/pl?order_by=price%20ASC&search_type=role&all_cloth_list__and=7836&refer_sn=0194970C-A724-729A-4E2A-1200567D7711&conds_labels=%5B%22%E6%BB%A1%E8%B6%B3%E5%85%A8%E9%83%A8%3A%E5%85%88%E7%9F%A5-%E6%98%94%E6%97%A5%E7%9A%84%E9%A2%84%E8%A8%80%E8%80%85%22%5D,7836
司药,https://patchwiki.biligame.com/images/dwrg/f/f8/5o8rzt9p64drd7e7rak68j3p0oiygk2.png,100,100,单金全人小号,https://id5.cbg.163.com/cgi/mweb/pl?view_loc=search_cond&search_type=role&tfid=f_kingkong&all_cloth_list__and=1445&refer_sn=0195335B-0A3F-ABA3-3F2D-12EC5A6E4774&conds_labels=%5B%22%E6%BB%A1%E8%B6%B3%E5%85%A8%E9%83%A8%3A%E5%8C%BB%E7%94%9F-%E5%8F%B8%E8%8D%AF%22%5D&order_by=price%20ASC,1445
福尔摩斯,https://patchwiki.biligame.com/images/dwrg/8/80/pmszele9l86bpwhyj0tqx2e73xb6eg0.png,100,100,趁福尔摩斯皮肤优化前快入手！小说家福尔摩斯单金号，无其他金皮紫皮，稀有二字id！,https://id5.cbg.163.com/cgi/mweb/pl?order_by=price%20ASC&search_type=role&all_cloth_list__and=11319&refer_sn=0195335C-1B60-C335-8583-0865DF9433DC&conds_labels=%5B%22%E6%BB%A1%E8%B6%B3%E5%85%A8%E9%83%A8%3A%E5%B0%8F%E8%AF%B4%E5%AE%B6-%E7%A6%8F%E5%B0%94%E6%91%A9%E6%96%AF%22%5D,11319
不合时宜的危鲁弗,https://patchwiki.biligame.com/images/dwrg/6/6e/jgfyqwd27d22pyk7r9ajk9m0st28g1m.png,180,170,弓箭手限定金，全女皮,https://id5.cbg.163.com/cgi/mweb/pl?view_loc=search_cond&search_type=role&tfid=f_kingkong&all_cloth_list__and=14403&refer_sn=01959475-5BD7-9D47-AD3E-4BCE3633E070&conds_labels=%5B%22%E6%BB%A1%E8%B6%B3%E5%85%A8%E9%83%A8%3A%E5%BC%93%E7%AE%AD%E6%89%8B-%E4%B8%8D%E5%90%88%E6%97%B6%E5%AE%9C%E7%9A%84%E5%8D%B1%E9%B2%81%E5%BC%97%22%5D&order_by=price%20ASC,14403
华生小姐,https://patchwiki.biligame.com/images/dwrg/2/2e/p3kl59geq168r6txlc9egyn9wmlzesk.png,150,160,号是170买的，现在还买170，裸金加挂件！慢挂！,https://id5.cbg.163.com/cgi/mweb/pl?view_loc=search_cond&search_type=role&tfid=f_kingkong&all_cloth_list__and=12418&refer_sn=0195DC6F-FAC2-CC51-8FEB-60DC9E1B296E&conds_labels=%5B%22%E6%BB%A1%E8%B6%B3%E5%85%A8%E9%83%A8%3A%E8%AE%B0%E8%80%85-%E2%80%9C%E5%8D%8E%E7%94%9F%E5%B0%8F%E5%A7%90%E2%80%9D%22%5D&order_by=price%20ASC,12418
犹格・索托斯之使,https://patchwiki.biligame.com/images/dwrg/3/3d/bjh3z3j2226nz1513wzobixbjm6jhqa.png,1250,1150,妄虚??福尔摩斯套装，3万紫薯，贝克街,https://id5.cbg.163.com/cgi/mweb/pl?order_by=price%20ASC&search_type=role&all_cloth_list__and=6842&refer_sn=0195DC73-35B3-9559-02FF-13BB96BE2154&conds_labels=%5B%22%E6%BB%A1%E8%B6%B3%E5%85%A8%E9%83%A8%3A%E7%A5%AD%E5%8F%B8-%E7%8A%B9%E6%A0%BC%C2%B7%E7%B4%A2%E6%89%98%E6%96%AF%E4%B9%8B%E4%BD%BF%22%5D,6842
希望的残像,https://patchwiki.biligame.com/images/dwrg/9/9b/lyvfhn2ibeyrt3dshscrkqm5f1kaexx.png,1099,950,950一周,https://id5.cbg.163.com/cgi/mweb/pl?order_by=price%20ASC&search_type=role&all_cloth_list__and=8527&refer_sn=0195DC72-FADE-5FDD-A327-B2659D3EC1F3&conds_labels=%5B%22%E6%BB%A1%E8%B6%B3%E5%85%A8%E9%83%A8%3A%E7%BA%A2%E5%A4%AB%E4%BA%BA-%E5%B8%8C%E6%9C%9B%E7%9A%84%E6%AE%8B%E5%83%8F%22%5D,8527
摩涅莫绪涅之梦,https://patchwiki.biligame.com/images/dwrg/b/ba/pvvwe6drk1wjoupvrj0pkox7lbydijp.png,1150,1099,调香带虚妄情号??小狮子台嬷香厨双厨子可以购入十分划算，累充四万多带贝克街221b归宿分11.7万，超划算买入不后悔,https://id5.cbg.163.com/cgi/mweb/pl?order_by=price%20ASC&search_type=role&all_cloth_list__and=7233&refer_sn=0195DC72-AB52-CBD2-F5F3-454DB1E219FB&conds_labels=%5B%22%E6%BB%A1%E8%B6%B3%E5%85%A8%E9%83%A8%3A%E8%B0%83%E9%A6%99%E5%B8%88-%E6%91%A9%E6%B6%85%E8%8E%AB%E7%BB%AA%E6%B6%85%E4%B9%8B%E6%A2%A6%22%5D,7233
恒梦,https://patchwiki.biligame.com/images/dwrg/d/db/eapfro8nx9lqybef157wtx8a64t6e7z.png,100,100,全人标恒梦，号上还有30+珍宝和3k紫薯，名字好听，心理有挂件,https://id5.cbg.163.com/cgi/mweb/pl?view_loc=search_cond&search_type=role&tfid=f_kingkong&all_cloth_list__and=11020&refer_sn=019600B4-1112-0649-1D21-2188497EC3E5&conds_labels=%5B%22%E6%BB%A1%E8%B6%B3%E5%85%A8%E9%83%A8%3A%E2%80%9C%E5%BF%83%E7%90%86%E5%AD%A6%E5%AE%B6%E2%80%9D-%E6%81%92%E6%A2%A6%22%5D&order_by=price%20ASC,11020
溯光,https://patchwiki.biligame.com/images/dwrg/2/21/m5ghet7dkjohy2b7wtl04325fhxht3n.png,100,100,极品丑号,https://id5.cbg.163.com/cgi/mweb/pl?view_loc=search_cond&search_type=role&tfid=f_kingkong&all_cloth_list__and=10820&refer_sn=01962954-1001-5516-6F72-5455BF2BCD77&conds_labels=%5B%22%E6%BB%A1%E8%B6%B3%E5%85%A8%E9%83%A8%3A%E7%97%85%E6%82%A3-%E6%BA%AF%E5%85%89%22%5D&order_by=price%20ASC,10820
石榴蝶小姐,https://patchwiki.biligame.com/images/dwrg/7/77/dwjoojz75mzmzi4bxm5b8ka6nzizp5j.png,145,130,全人小孩单金，支付宝已开,https://id5.cbg.163.com/cgi/mweb/pl?view_loc=search_cond&search_type=role&tfid=f_kingkong&all_cloth_list__and=11121&refer_sn=019695C0-840E-60E4-4BFF-B6D75129385E&conds_labels=%5B%22%E6%BB%A1%E8%B6%B3%E5%85%A8%E9%83%A8%3A%E2%80%9C%E5%B0%8F%E5%A5%B3%E5%AD%A9%E2%80%9D-%E7%9F%B3%E6%A6%B4%E7%A2%9F%E5%B0%8F%E5%A7%90%22%5D&order_by=price%20ASC,11121
死生之谕,https://patchwiki.biligame.com/images/dwrg/1/10/qrtsyddj22lsfqo2joz9k4fje8d3hkv.png,100,100,小欧号,https://id5.cbg.163.com/cgi/mweb/pl?view_loc=search_cond&search_type=role&tfid=f_kingkong&all_cloth_list__and=14602&refer_sn=0196FCBD-3B2C-D239-A6E1-F6135CB96311&conds_labels=%5B%22%E6%BB%A1%E8%B6%B3%E5%85%A8%E9%83%A8%3A%E2%80%9C%E9%80%83%E8%84%B1%E5%A4%A7%E5%B8%88%E2%80%9D-%E6%AD%BB%E7%94%9F%E4%B9%8B%E8%B0%95%22%5D&order_by=price%20ASC,14602
破碎的芙拉吉尔,https://patchwiki.biligame.com/images/dwrg/0/03/ampbajofh62rkqg3i9g05ry61eewqb4.png,200,195,只磕过月卡的小欧号，线索很多，有同名战队。祝买家宝宝天天开心，金光连连ovo,https://id5.cbg.163.com/cgi/mweb/pl?view_loc=search_cond&search_type=role&tfid=f_kingkong&all_cloth_list__and=9130&refer_sn=019772E6-E362-9966-A2AD-1AAB73228299&conds_labels=%5B%22%E6%BB%A1%E8%B6%B3%E5%85%A8%E9%83%A8%3A%E8%B0%83%E9%85%92%E5%B8%88-%E7%A0%B4%E7%A2%8E%E7%9A%84%E8%8A%99%E6%8B%89%E5%90%89%E5%B0%94%22%5D&order_by=price%20ASC,9130
聂莫黎,https://patchwiki.biligame.com/images/dwrg/a/a4/cge6k0jdks82omyyekrmyvlvdhmc78b.png,150,110,全阁最低聂莫黎，最低了不改了出不掉自留????????????????谁能收了????播的号子,https://id5.cbg.163.com/cgi/mweb/pl?order_by=price%20ASC&search_type=role&all_cloth_list__and=7248&refer_sn=01982679-F457-874F-46BA-4B313CF78821&conds_labels=%5B%22%E6%BB%A1%E8%B6%B3%E5%85%A8%E9%83%A8%3A%E8%B0%83%E9%A6%99%E5%B8%88-%E8%81%82%E8%8E%AB%E9%BB%8E%22%5D,7248
薄金,https://patchwiki.biligame.com/images/dwrg/e/e5/gnqmtt5zabnjjg7gk2c8ulnl9b3kx3p.png,100,100,隐士小情，慢挂，我不想玩这个号了QAQ。要是在别的地方卖就要出掉我的无翼，可恶啊，早知道不把这个绑在我的无翼上了,https://id5.cbg.163.com/cgi/mweb/pl?view_loc=search_cond&search_type=role&tfid=f_kingkong&all_cloth_list__and=12720&refer_sn=01982679-90B5-8898-E34E-E22807D2423E&conds_labels=%5B%22%E6%BB%A1%E8%B6%B3%E5%85%A8%E9%83%A8%3A%E9%9A%90%E5%A3%AB-%E8%96%84%E9%87%91%22%5D&order_by=price%20ASC,12720
芙莉莲,https://patchwiki.biligame.com/images/dwrg/3/37/6v0kw5w3cf0n7n6nc7ugphrlagw2d4y.png,100,100,有人喜欢嘛??,https://id5.cbg.163.com/cgi/mweb/pl?order_by=price%20ASC&search_type=role&all_cloth_list__and=14207&refer_sn=019892E9-6BC5-9B59-A1B6-9321508045F9&conds_labels=%5B%22%E6%BB%A1%E8%B6%B3%E5%85%A8%E9%83%A8%3A%E6%B0%94%E8%B1%A1%E5%AD%A6%E5%AE%B6-%E8%8A%99%E8%8E%89%E8%8E%B2%22%5D,14207
辛美尔,https://patchwiki.biligame.com/images/dwrg/2/22/mfpq6iq20vubooi1kgsl0buwydae9jl.png,160,183,双金，辛美尔,https://id5.cbg.163.com/cgi/mweb/pl?order_by=price%20ASC&search_type=role&all_cloth_list__and=14111&refer_sn=019892E9-B4D1-2891-D4E0-12ADFCA7ECAE&conds_labels=%5B%22%E6%BB%A1%E8%B6%B3%E5%85%A8%E9%83%A8%3A%E2%80%9C%E9%AA%91%E5%A3%AB%E2%80%9D-%E8%BE%9B%E7%BE%8E%E5%B0%94%22%5D,14111
“自由领袖” D,https://patchwiki.biligame.com/images/dwrg/7/7e/gpiegbpy3k198nnkqxvd2j5o5sykm50.png,190,240,号内还有1.9w紫薯,https://id5.cbg.163.com/cgi/mweb/pl?view_loc=search_cond&search_type=role&tfid=f_kingkong&all_cloth_list__and=14702&refer_sn=0198FE31-F1CF-FE11-D22C-5360307FC55B&conds_labels=%5B%22%E6%BB%A1%E8%B6%B3%E5%85%A8%E9%83%A8%3A%E2%80%9C%E5%8F%B0%E7%90%83%E6%89%8B%E2%80%9D-%E2%80%9C%E8%87%AA%E7%94%B1%E9%A2%86%E8%A2%96%E2%80%9DD%22%5D&order_by=price%20ASC,14702
黎明赋格,https://patchwiki.biligame.com/images/dwrg/8/87/923jscmd29vaebuecp6ajh8i367tshc.png,188,160,阁上最低囚徒二限 很欧的号,https://id5.cbg.163.com/cgi/mweb/pl?view_loc=search_cond&search_type=role&tfid=f_kingkong&all_cloth_list__and=9731&refer_sn=01996735-323B-3733-3E00-2C85C6F2634F&conds_labels=%5B%22%E6%BB%A1%E8%B6%B3%E5%85%A8%E9%83%A8%3A%E2%80%9C%E5%9B%9A%E5%BE%92%E2%80%9D-%E9%BB%8E%E6%98%8E%E8%B5%8B%E6%A0%BC%22%5D&order_by=price%20ASC,9731
于此岸赴宴,https://patchwiki.biligame.com/images/dwrg/2/24/av0dw1m3jwabn46s1dqte1hjycqiyax.png,320,305,1.2w紫薯，可还价，小欧号来的,https://id5.cbg.163.com/cgi/mweb/pl?search_type=role&tfid=f_kingkong&all_cloth_list__and=15002&refer_sn=019A49BA-CAC4-4C9C-941C-C44D8A636459&conds_labels=%5B%22%E6%BB%A1%E8%B6%B3%E5%85%A8%E9%83%A8%3A%E5%B9%BB%E7%81%AF%E5%B8%88-%E4%BA%8E%E6%AD%A4%E5%B2%B8%E8%B5%B4%E5%AE%B4%22%5D,15002
陨星,https://patchwiki.biligame.com/images/dwrg/7/7b/3g3xagokhn8nvcg5s7fpklfbfnnzimn.png,1000,600,有2w紫薯可以拿下年限，非常欧的小号，都是十几发出的金皮，联动紫皮也比较多，祝你天天开心,"https://id5.cbg.163.com/cgi/mweb/pl?view_loc=search_cond&search_type=role&tfid=f_kingkong&all_cloth_list__and=13312,15002&conds_labels=%5B%22%E6%BB%A1%E8%B6%B3%E5%85%A8%E9%83%A8%3A%E5%B9%BB%E7%81%AF%E5%B8%88-%E4%BA%8E%E6%AD%A4%E5%B2%B8%E8%B5%B4%E5%AE%B4,%E2%80%9C%E6%84%9A%E4%BA%BA%E9%87%91%E2%80%9D-%E9%99%A8%E6%98%9F%22%5D&refer_sn=019A49BB-D8A1-B919-96E4-2EB0E82D493D&order_by=price%20ASC",13312
记忆的沉疴,https://patchwiki.biligame.com/images/dwrg/7/7f/fgj4oee0dtt104jqv85iwb80q3jns1p.png,158,158,记忆的沉疴,https://id5.cbg.163.com/cgi/mweb/pl?view_loc=search_cond&search_type=role&tfid=f_kingkong&all_cloth_list__and=15102&refer_sn=019ADF83-84BD-4A94-D7CD-3A345D0BE18F&conds_labels=%5B%22%E6%BB%A1%E8%B6%B3%E5%85%A8%E9%83%A8%3A%E2%80%9C%E5%A5%B3%E7%8E%8B%E8%9C%82%E2%80%9D-%E8%AE%B0%E5%BF%86%E7%9A%84%E6%B2%89%E7%96%B4%22%5D&order_by=price%20ASC,15102
