name,path_to_cbg,price_old,price_new,words,usless,stock,0330_price,0330_price_avg3
三月兔,https://patchwiki.biligame.com/images/dwrg/1/1f/oni8hmey6spb1ltv25je6dmwpd240pr.png,888 ,888 ,三月兔，p5新娘，白孔雀，紫薯8000+，古早号，小惊喜多,https://id5.cbg.163.com/cgi/mweb/pl?search_type=role&all_cloth_list__and=9302&order_by=price%20ASC,102,850,873
黑白熊,https://patchwiki.biligame.com/images/dwrg/2/21/26serhdgj6n86a6uhdofm5yrn9kjdsa.png,500 ,480 ,历史巅七,https://id5.cbg.163.com/cgi/mweb/pl?search_type=role&all_cloth_list__and=9309&order_by=price%20ASC,804,448,449
点金,https://patchwiki.biligame.com/images/dwrg/c/c5/m49hl5ekddnavruoirk7hp9a6swyzsz.png,1200 ,1100 ,还有一张紫皮卡,https://id5.cbg.163.com/cgi/mweb/pl?search_type=role&all_cloth_list__and=8402&order_by=price%20ASC&refer_sn=0193F7D9-4433-7D94-53FE-C92D6D234F13,93,1250,1423
当铺老板,https://patchwiki.biligame.com/images/dwrg/8/8a/6alp8y3g12zxdb3y10hfti5a56xtvo4.png,555 ,550 ,还有1.3w紫薯,https://id5.cbg.163.com/cgi/mweb/pl?search_type=role&all_cloth_list__and=8418&order_by=price%20ASC,474,480,507
逃罪之人,https://patchwiki.biligame.com/images/dwrg/3/30/90q12f5nz2nd3r4r63muexfz3pz72pc.png,950 ,930 ,最低逃罪，挺多金挂，阁费真的很贵，恶意砍价拉黑,https://id5.cbg.163.com/cgi/mweb/pl?search_type=role&all_cloth_list__and=10802&order_by=price%20ASC,927,900,949
舞狮,https://patchwiki.biligame.com/images/dwrg/2/2e/rrriltj85jjg59n4a347sjg1rde9d39.png,888 ,888 ,不降了，做慈善 先到先得，稀有物品+皮肤， 限定挂件烟花特效,https://id5.cbg.163.com/cgi/mweb/pl?search_type=role&all_cloth_list__and=1619&order_by=price%20ASC,147,1200,1450
铁钩船长,https://patchwiki.biligame.com/images/dwrg/d/d1/mxunjn43juyytyln8j2c9qx558mquvh.png,688 ,649 ,大副单金，万薯,https://id5.cbg.163.com/cgi/mweb/pl?search_type=role&all_cloth_list__and=9002&order_by=price%20ASC,243,530,543
CROW,https://patchwiki.biligame.com/images/dwrg/2/2c/6eoevdxem2cxft4g503yvgfvqs9zcvw.png,800 ,830 ,低于780就不用还了 不急出,https://id5.cbg.163.com/cgi/mweb/pl?search_type=role&all_cloth_list__and=9006&order_by=price%20ASC,1059,840,857
Checkmate,https://patchwiki.biligame.com/images/dwrg/8/81/dkkc4kdplzcvyovbco24pocmz23v8x3.png,720 ,699 ,雕刻家宫廷风金皮，差25发保底金挂，还有9000+紫薯，窥镜有690，紫皮多，性价比高，适合自玩，现在买了还可以回去肝推理雕刻家紫皮。慢出,https://id5.cbg.163.com/cgi/mweb/pl?search_type=role&all_cloth_list__and=10102&order_by=price%20ASC,243,688,696
夜魔,https://patchwiki.biligame.com/images/dwrg/c/cd/2c4ylj1scw9mumsqrbuk1flvx11nbnv.png,1200 ,1350 ,全网夜魔最低价~是很久没玩的小号，可以小刀哦，最低价——,https://id5.cbg.163.com/cgi/mweb/pl?search_type=role&all_cloth_list__and=10113&order_by=price%20ASC,243,1399,1399
炎火之怒,https://patchwiki.biligame.com/images/dwrg/1/16/oxx2jad77cl4b8imgnfa2o9pv2l9m75.png,870 ,900 ,全阁最低炎火之怒 段位低可以冲牌子,https://id5.cbg.163.com/cgi/mweb/pl?search_type=role&all_cloth_list__and=8002&order_by=price%20ASC,69,900,1033
猎物的印记,https://patchwiki.biligame.com/images/dwrg/1/1c/2xo0t5skm3lrembier2ifb7on055p82.png,770 ,800 ,除芳泽霞觉醒以外法罗全皮，可小刀，底限770，求收,https://id5.cbg.163.com/cgi/mweb/pl?search_type=role&all_cloth_list__and=13503&order_by=price%20ASC,1461,805,811
白泽,https://patchwiki.biligame.com/images/dwrg/a/ae/j6smjkjculv35cbu9cnkndccr6pnr8p.png,1549 ,1755 ,古董商律师一限，邦邦小黄鸭联动金，园丁公益限定紫皮,https://id5.cbg.163.com/cgi/mweb/pl?search_type=role&all_cloth_list__and=12103&order_by=price%20ASC,717,1650,1693
招风旗,https://patchwiki.biligame.com/images/dwrg/3/34/heb0beuxxbbllbirmp2g82fzmdz9iou.png,199 ,195 ,快把这个古董带回家吧,https://id5.cbg.163.com/cgi/mweb/pl?search_type=role&all_cloth_list__and=12108&order_by=price%20ASC,4134,199.9,208
巴萨丽莎,https://patchwiki.biligame.com/images/dwrg/b/b7/c19hxp39ejfzruvssvf9vifjupa5kzf.png,780 ,800 ,5500紫薯,https://id5.cbg.163.com/cgi/mweb/pl?search_type=role&all_cloth_list__and=12902&order_by=price%20ASC,414,750,776
永夜极光,https://patchwiki.biligame.com/images/dwrg/3/38/9y9x0nwxof0n4lpvrvk6h9qmhqepv7f.png,377 ,410 ,最低不刀,https://id5.cbg.163.com/cgi/mweb/pl?search_type=role&all_cloth_list__and=6332&order_by=price%20ASC,672,388,391
壹原侑子,https://patchwiki.biligame.com/images/dwrg/a/a0/j9l4qu4k61yu4zqdw904dcfntvwqes9.png,699 ,700 ,最低柚子+竹华,https://id5.cbg.163.com/cgi/mweb/pl?search_type=role&all_cloth_list__and=6338&order_by=price%20ASC,972,700,700
海神之冕,https://patchwiki.biligame.com/images/dwrg/8/81/kimalmsijtlyg42w1a2wt8sbpnm1pp8.png,760 ,899 ,18年老玩家布偶蝙蝠园丁牛仔黄衣限定和祭祀限定还有黄衣之主金挂海盗旗和空军的年限金挂啥的还有9000多的碎片没有用,https://id5.cbg.163.com/cgi/mweb/pl?search_type=role&all_cloth_list__and=6403&order_by=price%20ASC,93,900,923
灾厄之主,https://patchwiki.biligame.com/images/dwrg/7/75/q090lem69xkohci504ivvesfxllh2ls.png,210 ,200 ,黄衣灾厄，到时候可以分解片刻闲暇就是单金号，号很欧,https://id5.cbg.163.com/cgi/mweb/pl?search_type=role&all_cloth_list__and=6422&order_by=price%20ASC,1383,188,193
赤宴,https://patchwiki.biligame.com/images/dwrg/4/4c/egkpliuvsfks0ur9ndwismwj8p5tiny.png,3199 ,4348 ,挂一阵，出不掉自留了，不会再改低了,https://id5.cbg.163.com/cgi/mweb/pl?search_type=role&all_cloth_list__and=8502&order_by=price%20ASC,201,4100,4179
黄金比例,https://patchwiki.biligame.com/images/dwrg/7/7b/mt8ghhjvi0nnsgoj8zcbku1tcuk0tjw.png,2099 ,2000 ,最后一次降价，明天下架，卖不掉自玩了,https://id5.cbg.163.com/cgi/mweb/pl?search_type=role&all_cloth_list__and=10402&order_by=price%20ASC,228,2370,2453
纳西瑟斯,https://patchwiki.biligame.com/images/dwrg/e/e6/1ros1at5s9e0n2iowbvynfa9hk1hrpj.png,555 ,520 ,情号买到啦，还有1.3w紫薯，阁最低不还咯，慢出,https://id5.cbg.163.com/cgi/mweb/pl?search_type=role&all_cloth_list__and=10410&order_by=price%20ASC,246,520,543
灵狐,https://patchwiki.biligame.com/images/dwrg/2/27/frgdk3f99tn6wjgfa337bj5wvjwouzh.png,580 ,560 ,宝子们最优惠的价钱了，急出，号上还有紫薯，可以换自己喜欢的金，不会降价了，喜欢的宝子直接入手吧，号上还有紫薯和线索,https://id5.cbg.163.com/cgi/mweb/pl?search_type=role&all_cloth_list__and=13902&order_by=price%20ASC,813,525,538
邪眼寄主,https://patchwiki.biligame.com/images/dwrg/c/c2/c0u6os17fic0dorv9vl3p3bssixi986.png,399 ,398 ,清朝老号，上面有历史的划痕，说不定有惊喜，喜欢杰克和前锋的可买哈,https://id5.cbg.163.com/cgi/mweb/pl?search_type=role&all_cloth_list__and=120&order_by=price%20ASC,570,400,432
艾札克·佛斯特,https://patchwiki.biligame.com/images/dwrg/2/28/hcfdpnipolypx6r20f4ndnzjdc7xtau.png,1000 ,900 ,急出,https://id5.cbg.163.com/cgi/mweb/pl?search_type=role&all_cloth_list__and=140&order_by=price%20ASC,1377,910,950
心锁,https://patchwiki.biligame.com/images/dwrg/c/cb/bd4qpe9hb44wxd7e24a27r32i3mu2vp.png,1100 ,1299 ,机械师苏三小情，可小刀，大刀不看，最低1230,https://id5.cbg.163.com/cgi/mweb/pl?search_type=role&all_cloth_list__and=3440&order_by=price%20ASC,447,1199,1222
明日之辉,https://patchwiki.biligame.com/images/dwrg/b/b1/7xj7lpwnzlk6gc6gun0zl2di9cljuol.png,599 ,580 ,最低明日,https://id5.cbg.163.com/cgi/mweb/pl?search_type=role&all_cloth_list__and=6809&order_by=price%20ASC,225,600,610
惊鸿,https://patchwiki.biligame.com/images/dwrg/1/1e/4ltyo4d4dmfihtbc76pgwwgg273psce.png,648 ,597 ,阁上最低惊鸿,https://id5.cbg.163.com/cgi/mweb/pl?search_type=role&all_cloth_list__and=6839&order_by=price%20ASC,1584,597,598
名誉首席,https://patchwiki.biligame.com/images/dwrg/3/33/kuunca9fqq59ozx6ge1zkeill10em0z.png,255 ,250 ,还有4000紫薯,https://id5.cbg.163.com/cgi/mweb/pl?search_type=role&all_cloth_list__and=6849&order_by=price%20ASC,3747,280,285
熔岩蛋糕,https://patchwiki.biligame.com/images/dwrg/0/0b/6sg3gmlyt1py3umztra70keba4wg1fc.png,950 ,950 ,杂技西瓜霜，情人节头像框礼包，还有张紫皮卡，小惊喜多,https://id5.cbg.163.com/cgi/mweb/pl?search_type=role&all_cloth_list__and=10602&order_by=price%20ASC,168,888,929
永恒,https://patchwiki.biligame.com/images/dwrg/b/b0/0emb2sdmwx6utpyz50pfnwjbrx617l2.png,665 ,666 ,慢出，宝宝们可以小刀,https://id5.cbg.163.com/cgi/mweb/pl?search_type=role&all_cloth_list__and=12402&order_by=price%20ASC,1290,648,649
赤松枫,https://patchwiki.biligame.com/images/dwrg/a/ac/ho53wdnv9ltqclzrpe7148fo5cl2q7e.png,740 ,750 ,单赤松枫，段位低适合新手,https://id5.cbg.163.com/cgi/mweb/pl?search_type=role&all_cloth_list__and=12405&order_by=price%20ASC,957,820,845
寒香舞,https://patchwiki.biligame.com/images/dwrg/f/f0/bk211papu5sijra0lz8774916sz98w6.png,695 ,748 ,可以砍价，分期。默认知名bq可以aa,https://id5.cbg.163.com/cgi/mweb/pl?search_type=role&all_cloth_list__and=3227&order_by=price%20ASC,627,748,764
菖蒲,https://patchwiki.biligame.com/images/dwrg/a/ab/mg1zotdt38wnhfq7stfi2pq7zcwx3g0.png,538 ,610 ,且看我的过去回声数，还差点就能换了,https://id5.cbg.163.com/cgi/mweb/pl?search_type=role&all_cloth_list__and=3237&order_by=price%20ASC,516,620,632
引魂人,https://patchwiki.biligame.com/images/dwrg/6/69/pj7vmpe7dl6y82p2f5z33v2jmz8y5rd.png,1900 ,1888 ,之前收的单金然后发现玩不动👉👈所以现在出出！号上有7k紫薯！和一张紫皮卡！,https://id5.cbg.163.com/cgi/mweb/pl?search_type=role&all_cloth_list__and=8703&order_by=price%20ASC,138,1999,2023
日向创,https://patchwiki.biligame.com/images/dwrg/1/1d/rvnx3ifd1bk02ia1ji8vhma7fbmowkn.png,1100 ,1099 ,日向创，有一个绝版调香蓝挂，紫薯再攒攒够换一个金皮，急出,https://id5.cbg.163.com/cgi/mweb/pl?search_type=role&all_cloth_list__and=8719&order_by=price%20ASC,867,1100,1199
中原中也,https://patchwiki.biligame.com/images/dwrg/d/dd/rthh03psqztgn0hibjm3ld9qdz6ksja.png,788 ,800 ,东西有点，🉑刀,https://id5.cbg.163.com/cgi/mweb/pl?search_type=role&all_cloth_list__and=8726&order_by=price%20ASC,1686,850,860
索菲亚,https://patchwiki.biligame.com/images/dwrg/e/ef/pv4o8sdwx8h61zjiyiynip8wtcwsr12.png,1130 ,1488 ,"索菲亚红玫瑰白孔雀(˵¯͒〰¯͒˵) 还有一张紫皮卡₍˄·͈༝·͈˄*₎◞ ̑̑,早古号了 号内2k灯泡，可小刀(˃ ⌑ ˂ഃ )",https://id5.cbg.163.com/cgi/mweb/pl?search_type=role&all_cloth_list__and=10002&order_by=price%20ASC,255,1400,1463
穆希卡,https://patchwiki.biligame.com/images/dwrg/d/d9/d9xdxg56hpr9pqo8372fnsow4x9490p.png,510 ,510 ,拜拜,https://id5.cbg.163.com/cgi/mweb/pl?search_type=role&all_cloth_list__and=10010&order_by=price%20ASC,159,500,510
箜篌,https://patchwiki.biligame.com/images/dwrg/7/7d/kxp0l0uhzvoddirmpk7i2tr2u7gnl14.png,980 ,940 ,开了大家对我好一点好吗我到手成本都不够ovo 还八百多那个要不你去看看阁最低呢。。。说定还不是跟你说的。 q1开头那个宝咱俩各退一步我能接受，定还我会同意的。刀50内定还就会同意ovo。,https://id5.cbg.163.com/cgi/mweb/pl?search_type=role&all_cloth_list__and=10017&order_by=price%20ASC,825,999,1062
欺惑之燕,https://patchwiki.biligame.com/images/dwrg/a/af/e8a5le0vp9r3cbqenulylf6zdfrpib3.png,1100 ,1400 ,最低欺惑,https://id5.cbg.163.com/cgi/mweb/pl?search_type=role&all_cloth_list__and=11502&order_by=price%20ASC,156,1400,1499
倒逆之汞,https://patchwiki.biligame.com/images/dwrg/c/c0/of6id3wvbfc84b81bttwn5twg363x6v.png,295 ,250 ,别卷了，同是天涯沦落人，无非是你缺钱，我缺钱。愿我来生做你女朋友。今生做你男朋友。愿与你情情狠狠，爱爱恨昭。今生与你是我最大的罪过。若非钱之故，怎么背弃律。我也是律厨，你能懂吗？我只是也想活,https://id5.cbg.163.com/cgi/mweb/pl?search_type=role&all_cloth_list__and=1533&order_by=price%20ASC,1947,300,307
金匠,https://patchwiki.biligame.com/images/dwrg/7/78/j0r4a10q2lvj92qcr8mo8vwffpk0jm1.png,390 ,399 ,红玫瑰，永生相随，26个联动珍宝，开服号,https://id5.cbg.163.com/cgi/mweb/pl?search_type=role&all_cloth_list__and=1908&order_by=price%20ASC,93,430,443
熔铁猎犬,https://patchwiki.biligame.com/images/dwrg/7/7b/hxyeh1y0df2exrfzdlpho2djup0d7l9.png,330 ,315 ,竹龙玉加猎犬最便宜的号，350不能再低了，号上还有四百回声，97胜率五阶二,https://id5.cbg.163.com/cgi/mweb/pl?search_type=role&all_cloth_list__and=1916&order_by=price%20ASC,342,318.8,323
怒火,https://patchwiki.biligame.com/images/dwrg/8/8b/bevsw4vp0y1dicrru0dbz971cza6c89.png,850 ,840 ,没人收明天小涨一点哦,https://id5.cbg.163.com/cgi/mweb/pl?search_type=role&all_cloth_list__and=11202&order_by=price%20ASC,147,735,762
荧,https://patchwiki.biligame.com/images/dwrg/c/c5/qykkzgn4cg4oprc35zo9hrdhe551yj8.png,900 ,918 ,急出，拉拉队员荧，老号,https://id5.cbg.163.com/cgi/mweb/pl?search_type=role&all_cloth_list__and=13103&order_by=price%20ASC,951,950,957
岩鸽,https://patchwiki.biligame.com/images/dwrg/5/50/c6mmbkkfgko70qwmbjtqxhcoivi473y.png,761 ,700 ,最低岩鸽全男金，可以加病患二限,https://id5.cbg.163.com/cgi/mweb/pl?search_type=role&all_cloth_list__and=2132&order_by=price%20ASC,297,768,809
黄金蛋糕,https://patchwiki.biligame.com/images/dwrg/0/00/s9gin85n5pn9prvkhs91h3uybhtphx0.png,1000 ,1120 ,全女 艾迪忪儿 看定还 列表有我大号 可带上6阶＋一个角色c牌,https://id5.cbg.163.com/cgi/mweb/pl?search_type=role&all_cloth_list__and=6206&order_by=price%20ASC,90,1200,1248
瓦姬特,https://patchwiki.biligame.com/images/dwrg/3/3b/d7itc6u004gpkicuh9s1ub8s4wjj5ou.png,1200 ,1100 ,全阁最低瓦姬特！7000紫薯 这个价挂一天，还卖不出去回1200慢挂了 已开zfb,https://id5.cbg.163.com/cgi/mweb/pl?search_type=role&all_cloth_list__and=8102&order_by=price%20ASC,105,1000,1107
川上富江,https://patchwiki.biligame.com/images/dwrg/7/7f/df07t377ties20klzeegcf2jn2f9k3k.png,120 ,180 ,1270灯泡，七千紫薯，两个金挂,https://id5.cbg.163.com/cgi/mweb/pl?search_type=role&all_cloth_list__and=8105&order_by=price%20ASC,10002,190,193
信使,https://patchwiki.biligame.com/images/dwrg/e/e7/jj2e60xgbgcxk6gkex41yy9jsqegmwm.png,652 ,677 ,梦之女巫限定金皮信使呦,https://id5.cbg.163.com/cgi/mweb/pl?search_type=role&all_cloth_list__and=8118&order_by=price%20ASC,636,666,685
KING-h1,https://patchwiki.biligame.com/images/dwrg/7/7f/cwcoqdta3oimwcz3dcepnomd1xki2ro.png,699 ,600 ,全男稀世,https://id5.cbg.163.com/cgi/mweb/pl?search_type=role&all_cloth_list__and=13403&order_by=price%20ASC,1131,625,638
国王的裁缝,https://patchwiki.biligame.com/images/dwrg/7/7a/imrudeeoi4ogkap0cv7gmiwbm5czw4q.png,798 ,800 ,牛仔限定金老号,https://id5.cbg.163.com/cgi/mweb/pl?search_type=role&all_cloth_list__and=7302&order_by=price%20ASC,117,852,911
结晶体,https://patchwiki.biligame.com/images/dwrg/3/32/1yw99476hqwjkpm1tu5w6lk0db05023.png,1666 ,1700 ,星之王180头像,https://id5.cbg.163.com/cgi/mweb/pl?search_type=role&all_cloth_list__and=8602&order_by=price%20ASC,117,1888,1949
三面神,https://patchwiki.biligame.com/images/dwrg/0/0f/a84inr113whgwia5kh5ttpt6sda8a3w.png,730 ,650 ,阁最低单金三面神 7k紫薯 阅历等级低 屠夫段位四阶可以用来冲榜，,https://id5.cbg.163.com/cgi/mweb/pl?search_type=role&all_cloth_list__and=10202&order_by=price%20ASC,159,666,687
速滑种子,https://patchwiki.biligame.com/images/dwrg/5/51/bexh7fwzlro8sqcreq2atrjk0zwagig.png,645 ,675 ,只支持小刀，直接到80的勿扰,https://id5.cbg.163.com/cgi/mweb/pl?search_type=role&all_cloth_list__and=5933&order_by=price%20ASC,420,688,696
蝰,https://patchwiki.biligame.com/images/dwrg/b/b4/5bxfpqi2xxyj8v9xz1oxadbsl3a7uoz.png,1350 ,1500 ,入殓小情，囚徒限定金，号上8000紫薯，抽象名称：）,https://id5.cbg.163.com/cgi/mweb/pl?search_type=role&all_cloth_list__and=9702&order_by=price%20ASC,171,1500,1555
太宰治,https://patchwiki.biligame.com/images/dwrg/b/bc/67hpex9q9w36omyzvkn6cmhmmredldx.png,816 ,762 ,手慢无手慢无！多联动多标阵容，太宰全套，配件多,https://id5.cbg.163.com/cgi/mweb/pl?search_type=role&all_cloth_list__and=9721&order_by=price%20ASC,2331,730,760
驱魔人,https://patchwiki.biligame.com/images/dwrg/0/00/db7sqeanu7ans5yf1rlqef871le0jrg.png,2720 ,2900 ,限时降价不还价，再卖1天取回自己玩 诚意小刀来阁最有性价比驱魔人/龙娘/真相小姐/斜眼鸡块/还有好多老皮肤-大家可以对比一下其他的驱魔人我这个超级值，每天涨1块,https://id5.cbg.163.com/cgi/mweb/pl?search_type=role&all_cloth_list__and=7902&order_by=price%20ASC,108,2698,2795
神眷,https://patchwiki.biligame.com/images/dwrg/4/4f/r7d64fl5achg9nnnr8l1dty45hxrjuj.png,950 ,950 ,不刀不还价卖不出自留,https://id5.cbg.163.com/cgi/mweb/pl?search_type=role&all_cloth_list__and=6602&order_by=price%20ASC,123,1049,1166
东风遥,https://patchwiki.biligame.com/images/dwrg/c/c1/koinkv84gncwnvb01wg1xgy3v08nu3p.png,980 ,950 ,角色多，小恶魔一套，还有很多古早限定,https://id5.cbg.163.com/cgi/mweb/pl?search_type=role&all_cloth_list__and=6607&order_by=price%20ASC,369,950,983
亘古双星,https://patchwiki.biligame.com/images/dwrg/5/54/6o2nenffaz59b53cp7mt1pjxubguh32.png,378 ,347 ,便宜出,https://id5.cbg.163.com/cgi/mweb/pl?search_type=role&all_cloth_list__and=6622&order_by=price%20ASC,993,299,323
总裁判长,https://patchwiki.biligame.com/images/dwrg/d/de/4j0vt04qlfpibssuwc3rf5tfc0ncso6.png,1300 ,1200 ,最低裁判长，七海+糖果少女,https://id5.cbg.163.com/cgi/mweb/pl?search_type=role&all_cloth_list__and=7419&order_by=price%20ASC,114,1150,1233
亡灵之主,https://patchwiki.biligame.com/images/dwrg/9/95/81q1bj9l62j4xr4goygavrcd8vgd6kc.png,1499 ,1450 ,急出，不接受还价,https://id5.cbg.163.com/cgi/mweb/pl?search_type=role&all_cloth_list__and=7428&order_by=price%20ASC,516,1520,1569
白松露,https://patchwiki.biligame.com/images/dwrg/7/79/s9yty2l6tw8kzr64jq08rhe7smsefkn.png,1100 ,1288 ,白松露 欢乐小恶魔套装 8k紫薯 还有张紫皮解锁卡 限定挂件断剑和红玫瑰手杖 限定随从撕裂熊 永生相随 球花 河豚和异界之花,https://id5.cbg.163.com/cgi/mweb/pl?search_type=role&all_cloth_list__and=9502&order_by=price%20ASC,114,1120,1240
日落黄沙,https://patchwiki.biligame.com/images/dwrg/e/e6/1wxjqotp623f9x8mkcou1ipu47mjoh3.png,488 ,502 ,守墓金皮,https://id5.cbg.163.com/cgi/mweb/pl?search_type=role&all_cloth_list__and=9605&order_by=price%20ASC,258,499,536
蚀日者,https://patchwiki.biligame.com/images/dwrg/9/99/g4xqnd7h0uvwyqsno99d85mjzhij9i7.png,1450 ,1500 ,蚀日者,https://id5.cbg.163.com/cgi/mweb/pl?search_type=role&all_cloth_list__and=12602&order_by=price%20ASC,927,1449,1460
哲人石,https://patchwiki.biligame.com/images/dwrg/0/0c/d8zxfvbqe4w4ne2k0iboa0yjh18k8nk.png,600 ,600 ,9k🍠，肝一肝可以拿下病患限定,https://id5.cbg.163.com/cgi/mweb/pl?search_type=role&all_cloth_list__and=12611&order_by=price%20ASC,1347,580,587
墨菲斯的门廊,https://patchwiki.biligame.com/images/dwrg/1/19/9fpa6h24aazfmuc0c6x46legluvg301.png,330 ,300 ,时空之影金，11抽出小号还算欧,https://id5.cbg.163.com/cgi/mweb/pl?search_type=role&all_cloth_list__and=13602&order_by=price%20ASC,1197,355,361
珊瑚夫人,https://patchwiki.biligame.com/images/dwrg/5/5d/2rcjk0gc364jtjo7cns6213ijrx9ai3.png,2299 ,2400 ,珊瑚夫人,https://id5.cbg.163.com/cgi/mweb/pl?search_type=role&all_cloth_list__and=7202&order_by=price%20ASC,99,2400,2417
鸽子般的尤迪特,https://patchwiki.biligame.com/images/dwrg/7/7c/dhprmopep0bf3jht9kcqg6g6j5gqim8.png,2062 ,2700 ,调香c牌 六千多分,https://id5.cbg.163.com/cgi/mweb/pl?search_type=role&all_cloth_list__and=7244&order_by=price%20ASC,894,2600,2600
裁决之酒,https://patchwiki.biligame.com/images/dwrg/8/8c/efbmzoxwchbu4zmpz68px4z32vpwjoa.png,850 ,999 ,卡精华二，用灯泡已抽14抽，330骰子，月卡还有29天，紫薯1.8w，不还价～挂到精华一结束,https://id5.cbg.163.com/cgi/mweb/pl?search_type=role&all_cloth_list__and=9102&order_by=price%20ASC,219,880,953
驯兽师,https://patchwiki.biligame.com/images/dwrg/9/94/hk7wx9ow2u84h8hd02vfngqpeefh54p.png,2450 ,2499 ,小刀一下可以接受哦 晚上看还价 不急,https://id5.cbg.163.com/cgi/mweb/pl?search_type=role&all_cloth_list__and=3606&order_by=price%20ASC,90,2500,2659
克罗托,https://patchwiki.biligame.com/images/dwrg/d/d5/qptqite02676rjr9mtvjxve68xex9iz.png,3190 ,4100 ,推理之径已走一千步，号里还有一张紫皮卡,https://id5.cbg.163.com/cgi/mweb/pl?search_type=role&all_cloth_list__and=3621&order_by=price%20ASC,144,3888,4029
晖之羽,https://patchwiki.biligame.com/images/dwrg/5/5d/5tk9nl06yony7o83i27jkbvm9tq4dsx.png,1200 ,1350 ,没有诚意的还是别问了,https://id5.cbg.163.com/cgi/mweb/pl?search_type=role&all_cloth_list__and=10702&order_by=price%20ASC,258,1288,1335
异界行者,https://patchwiki.biligame.com/images/dwrg/d/d5/6ssr541jlnx991il8rnikyqnk34rv28.png,340 ,410 ,全阁最低异界行者，不降了，还剩5k紫薯，攒攒可以换病患金,https://id5.cbg.163.com/cgi/mweb/pl?search_type=role&all_cloth_list__and=223&order_by=price%20ASC,591,375,385
变脸王,https://patchwiki.biligame.com/images/dwrg/f/fb/tcixeoglwd168mn9niknitg88ryxwd4.png,330 ,299 ,单金同价位联动配置高，2紫皮卡，8755紫薯，13000线索，678窥镜，16紫无丑皮，抱歉不还价噜,https://id5.cbg.163.com/cgi/mweb/pl?search_type=role&all_cloth_list__and=230&order_by=price%20ASC,1578,265,288
夜行枭,https://patchwiki.biligame.com/images/dwrg/8/8b/3jd63sby1g1vf6npkid1kglvip506ps.png,999 ,880 ,全人夜行枭，医生年限，绿骑士 最低价了从950到880了,https://id5.cbg.163.com/cgi/mweb/pl?search_type=role&all_cloth_list__and=7802&order_by=price%20ASC,162,900,966
怪盗基德,https://patchwiki.biligame.com/images/dwrg/b/bb/1zsegl67579sf05zisufnehs2jab3xs.png,1088 ,1088 ,最低价了，就挂一会,https://id5.cbg.163.com/cgi/mweb/pl?search_type=role&all_cloth_list__and=7821&order_by=price%20ASC,348,1088,1156
芥川龙之介,https://patchwiki.biligame.com/images/dwrg/1/15/ffbwma0snso6v7xtwt19x03nvygo9g2.png,580 ,622 ,先知芥川裸号最低,https://id5.cbg.163.com/cgi/mweb/pl?search_type=role&all_cloth_list__and=7830&order_by=price%20ASC,1428,630,647
炼狱奏曲,https://patchwiki.biligame.com/images/dwrg/c/c2/ixxnehmzygz1bfgp6rf8s9zoj9dhzhq.png,600 ,600 ,提琴限定金+金挂，医生年限,https://id5.cbg.163.com/cgi/mweb/pl?search_type=role&all_cloth_list__and=9802&order_by=price%20ASC,180,580,583
苍鹭之翼,https://patchwiki.biligame.com/images/dwrg/8/86/q4yiserowyrws6egj8taq2nwqhmhgt8.png,2700 ,2200 ,我最低对吧 紫薯9k➕ 肝一下病患金皮没问题 补药跟我抢最低,https://id5.cbg.163.com/cgi/mweb/pl?search_type=role&all_cloth_list__and=11002&order_by=price%20ASC,294,2599,2600
恶之源,https://patchwiki.biligame.com/images/dwrg/5/53/f8m18isjgcvs4uvffx7rhy2sai132gk.png,7399 ,7465 ,有S牌慈善，B牌蜘蛛，C牌疯眼 有小女孩恶之源，欧号，价格可聊，急出,https://id5.cbg.163.com/cgi/mweb/pl?search_type=role&all_cloth_list__and=11102&order_by=price%20ASC,210,6999,7066
空,https://patchwiki.biligame.com/images/dwrg/b/b1/4xe5cvwfs480fgk0hjsv1bq2z4pve0i.png,717 ,735 ,支付宝已开，阁低单金小说家空，还有15珍宝 奥尔菲斯现在换位距离贼远，底价不还，福尔摩斯未做,https://id5.cbg.163.com/cgi/mweb/pl?search_type=role&all_cloth_list__and=11303&order_by=price%20ASC,192,660,727
试运者,https://patchwiki.biligame.com/images/dwrg/1/12/kpvi1lgsf7moo5kas4wm0g6m0h1dymm.png,950 ,1087 ,试运富江限定金，还有很多紫薯和角色，错过这条街可就没有这家店了，不接受还价，我这已经很划算了,https://id5.cbg.163.com/cgi/mweb/pl?search_type=role&all_cloth_list__and=1438&order_by=price%20ASC,492,1087,1096
宇宙女巫,https://patchwiki.biligame.com/images/dwrg/b/bf/8dtytstb556gfsnu07hn3z956cucymf.png,939 ,950 ,宇宙女巫,https://id5.cbg.163.com/cgi/mweb/pl?search_type=role&all_cloth_list__and=1736&order_by=price%20ASC,651,978,1059
红衣人,https://patchwiki.biligame.com/images/dwrg/e/ee/k8jiy41rgnwxr113qu91d6btp9a8zgn.png,2700 ,2700 ,零k欧号，红衣人+司药 还有100个骰子可以冲福尔摩斯 号内还有一张紫皮卡跟20个深渊珍宝，喜欢的臭贝贝快来带走叭～ 2600可秒,https://id5.cbg.163.com/cgi/mweb/pl?search_type=role&all_cloth_list__and=2527&order_by=price%20ASC,138,2400,2507
中岛敦,https://patchwiki.biligame.com/images/dwrg/4/4c/mzwjpqf2jhqn3e9aihebft5pvrxj9to.png,550 ,599 ,人虎 女孩小情，旧珍宝紫皮金挂可指定。9k紫薯肝一下可以拿欧律狄刻。可小刀,https://id5.cbg.163.com/cgi/mweb/pl?search_type=role&all_cloth_list__and=2534&order_by=price%20ASC,1785,566,572
珍奇柜,https://patchwiki.biligame.com/images/dwrg/0/04/nrq012xyi2rgqotapscg7r0uwuta3dg.png,725 ,700 ,别还六百多了 号子很欧 十发出珍奇柜 碎片线索窥镜都还可以 碎片攒攒一个金皮 窥镜再攢一点能拿窥镜商店紫皮 线索六千多,https://id5.cbg.163.com/cgi/mweb/pl?search_type=role&all_cloth_list__and=2540&order_by=price%20ASC,1920,699,716
大英雄,https://patchwiki.biligame.com/images/dwrg/8/84/2k2lfpko5rslwdhqn3989r4152v8pbh.png,543 ,544 ,0灯泡0紫薯,https://id5.cbg.163.com/cgi/mweb/pl?search_type=role&all_cloth_list__and=8802&order_by=price%20ASC,177,488,529
初拥,https://patchwiki.biligame.com/images/dwrg/b/b7/dl01jb72126lvjatmghhkc393ik3835.png,799 ,850 ,带邮差金挂，服部平次阁内最低连体号，外加医生年限紫皮解锁卡。,https://id5.cbg.163.com/cgi/mweb/pl?search_type=role&all_cloth_list__and=9402&order_by=price%20ASC,237,810,843
圣诞信使,https://patchwiki.biligame.com/images/dwrg/7/77/4epx01twnwaj79e45jnnqz0lne1ubip.png,666 ,699 ,九千多紫薯，周年庆可以买,https://id5.cbg.163.com/cgi/mweb/pl?search_type=role&all_cloth_list__and=9420&order_by=price%20ASC,327,650,671
静默之戟,https://patchwiki.biligame.com/images/dwrg/e/e7/bovftomp11gvxec78h2gx1np3yjds6w.png,4099 ,5500 ,可刀，有诚意的来，直接出,https://id5.cbg.163.com/cgi/mweb/pl?search_type=role&all_cloth_list__and=10902&order_by=price%20ASC,147,5000,5200
典狱长,https://patchwiki.biligame.com/images/dwrg/3/38/41a05cap2kf4qbltjzous10vay1rw7d.png,2174 ,2388 ,万薯,https://id5.cbg.163.com/cgi/mweb/pl?search_type=role&all_cloth_list__and=12702&order_by=price%20ASC,405,2300,2433
罪恶熔火,https://patchwiki.biligame.com/images/dwrg/d/d4/5mrxdoc4jsj4v6svobn21fc9z9ry3s1.png,1000 ,950 ,愚人金限定金，调香两个紫皮一个金挂，小说家深渊皮紫挂，勘探金皮紫挂来个英雄收了吧,https://id5.cbg.163.com/cgi/mweb/pl?search_type=role&all_cloth_list__and=13302&order_by=price%20ASC,651,988,995
黄金烛台,https://patchwiki.biligame.com/images/dwrg/8/81/fohzn63kh1y22imp4rm9syet3v8tk6s.png,600 ,750 ,杰克红玫瑰手杖，三限定金。有回归,https://id5.cbg.163.com/cgi/mweb/pl?search_type=role&all_cloth_list__and=6007&order_by=price%20ASC,81,750,783
“宿命”,https://patchwiki.biligame.com/images/dwrg/1/17/7hq6vhzcsk706fz7lc7w94t5af1vreg.png,999 ,1100 ,号上还有7600紫薯,https://id5.cbg.163.com/cgi/mweb/pl?search_type=role&all_cloth_list__and=8302&order_by=price%20ASC,147,1250,1310
陌路仙踪,https://patchwiki.biligame.com/images/dwrg/2/22/37n7woyzeoqwq693lnps60usl1animc.png,1180 ,1249 ,485夜莺祝福,https://id5.cbg.163.com/cgi/mweb/pl?search_type=role&all_cloth_list__and=8316&order_by=price%20ASC,72,1220,1386
JOKER,https://patchwiki.biligame.com/images/dwrg/0/09/bpsdfd27zxqn8e9vimu56uw9996bbhr.png,850 ,870 ,杂技演员雨宫莲加司药,https://id5.cbg.163.com/cgi/mweb/pl?search_type=role&all_cloth_list__and=8903&order_by=price%20ASC,3873,867,869
雨燕先生,https://patchwiki.biligame.com/images/dwrg/e/e8/8vesvshrhmigd1wgsvf29iwjewyafh9.png,2100 ,2300 ,高性价比雨燕先生！还有爱哭鬼公益皮恸哭！园丁联动，雨宫莲等,https://id5.cbg.163.com/cgi/mweb/pl?search_type=role&all_cloth_list__and=8904&order_by=price%20ASC,96,2300,2367
猎龙者,https://patchwiki.biligame.com/images/dwrg/f/fb/l7scdu6sxvk2q1mguq2b3vphq13murp.png,428 ,400 ,希望速出，挂两天出不了取回肝紫薯等病患金。有两张紫皮卡，近万薯。,https://id5.cbg.163.com/cgi/mweb/pl?search_type=role&all_cloth_list__and=11403&order_by=price%20ASC,1800,429,443
伊莎贝拉,https://patchwiki.biligame.com/images/dwrg/9/98/de5i51198x6pdsiqac1tfeto1q628g8.png,888 ,930 ,3编：哎呦不行了，取回来4抽出艺术品商人，爽了爽了 2编：剩我一个了？？？ 1编：百骰屠夫号，有几个带标紫，目前最低了（同期的一夜之间都没了就剩我一个吗）,https://id5.cbg.163.com/cgi/mweb/pl?search_type=role&tfid=f_kingkong&refer_sn=019192A3-66DD-1266-1A78-48933C642465&all_cloth_list__and=8517&order_by=price%20ASC,291,870,886
灰云,https://patchwiki.biligame.com/images/dwrg/f/f2/5ca18u2j8pod41v4pdsxksipqj894c1.png,300 ,324 ,灰云 司药皮肤加挂件,https://id5.cbg.163.com/cgi/mweb/pl?search_type=role&tfid=f_kingkong&refer_sn=019192A3-66DD-1266-1A78-48933C642465&all_cloth_list__and=14002&order_by=price%20ASC,1011,328,333
十三娘,https://patchwiki.biligame.com/images/dwrg/e/ec/1dieuo5fpeyv6wk12q8ytc7nirokpmv.png,2600 ,3100 ,有9000线索 10000紫薯在充70还能领12888紫薯 历史巅7 历史b牌红蝶 有山庄！,https://id5.cbg.163.com/cgi/mweb/pl?search_type=role&tfid=f_kingkong&refer_sn=019192A3-66DD-1266-1A78-48933C642465&all_cloth_list__and=6328&order_by=price%20ASC,252,3400,3527
推理先生,https://patchwiki.biligame.com/images/dwrg/5/5a/ltkb9dj0n6to3dcna5ubnitx61gbe2w.png,3000 ,2900 ,佣兵推理先生 不降 随缘出,https://id5.cbg.163.com/cgi/mweb/pl?search_type=role&tfid=f_kingkong&refer_sn=019192A3-66DD-1266-1A78-48933C642465&all_cloth_list__and=2521&order_by=price%20ASC,132,3100,3233
真相小姐,https://patchwiki.biligame.com/images/dwrg/1/18/mekblji44nomseify97qf4htvl5jqia.png,779 ,750 ,真相700，招风200,https://id5.cbg.163.com/cgi/mweb/pl?search_type=role&tfid=f_kingkong&refer_sn=019192A3-66DD-1266-1A78-48933C642465&all_cloth_list__and=1720&order_by=price%20ASC,660,780,793
“D.M”,https://patchwiki.biligame.com/images/dwrg/1/11/f4a135jr1efrnkf9knv0ddq07mshya1.png,4200 ,4000 ,DM➕三月兔➕绝版推理➕贝尔摩德 犹豫出基本不可能再降了,https://id5.cbg.163.com/cgi/mweb/pl?search_type=role&tfid=f_kingkong&refer_sn=019192A3-66DD-1266-1A78-48933C642465&all_cloth_list__and=7420&order_by=price%20ASC,291,4300,4439
“白”,https://patchwiki.biligame.com/images/dwrg/0/0f/bj5gj17vv27rhgfd1zd3cqy0gar61d4.png,6300 ,6300 ,。,https://id5.cbg.163.com/cgi/mweb/pl?search_type=role&tfid=f_kingkong&refer_sn=019192A3-66DD-1266-1A78-48933C642465&all_cloth_list__and=7828&order_by=price%20ASC,501,6266,6422
“黯”,https://patchwiki.biligame.com/images/dwrg/3/39/pm3kv5vyhgd3i76i83twrfjokrmx3ne.png,1289 ,1300 ,黯,https://id5.cbg.163.com/cgi/mweb/pl?search_type=role&tfid=f_kingkong&refer_sn=019192A3-66DD-1266-1A78-48933C642465&all_cloth_list__and=7829&order_by=price%20ASC,648,1270,1379
“加特”,https://patchwiki.biligame.com/images/dwrg/6/6a/akxlvcqpkkrjpwxsvo23n1m1b2jm5fc.png,2299 ,2199 ,别太狠了砍的，这价格还不行吗，最低加特了还砍,https://id5.cbg.163.com/cgi/mweb/pl?search_type=role&tfid=f_kingkong&refer_sn=019192A3-66DD-1266-1A78-48933C642465&all_cloth_list__and=7927&order_by=price%20ASC,1140,2300,2342
猩红新娘,https://patchwiki.biligame.com/images/dwrg/6/6c/4sainvskbvejhn1j639lvqj9algt964.png,680 ,640 ,调香猩红新娘，大副明智吾郎，杂技祈雨珠，还有1w5紫薯和紫皮卡一张,https://id5.cbg.163.com/cgi/mweb/pl?search_type=role&tfid=f_kingkong&refer_sn=019192A3-66DD-1266-1A78-48933C642465&all_cloth_list__and=7220&order_by=price%20ASC,1107,635,650
海盗巫医,https://patchwiki.biligame.com/images/dwrg/c/c7/glt4u7gppze94g2y0uiez3pq3focepp.png,565 ,630 ,有一万多紫薯和六百多灯泡，号是18年自己玩的，有没有宝宝收走啊，我可以免费给你剪视频,https://id5.cbg.163.com/cgi/mweb/pl?search_type=role&tfid=f_kingkong&refer_sn=019192A3-66DD-1266-1A78-48933C642465&all_cloth_list__and=1406&order_by=price%20ASC,234,650,661
嗜金海怪,https://patchwiki.biligame.com/images/dwrg/3/35/ghesgnkqexmhwy6tlmsyentdz64jqdf.png,476 ,490 ,高胜率厂长号，号里还有调香的时之砂,https://id5.cbg.163.com/cgi/mweb/pl?search_type=role&tfid=f_kingkong&refer_sn=019192A3-66DD-1266-1A78-48933C642465&all_cloth_list__and=3017&order_by=price%20ASC,186,498,552
温泉煮酒,https://patchwiki.biligame.com/images/dwrg/2/28/meh6sml7lxgk602rif00u5ji818zglf.png,720 ,700 ,面板干净，这种皮肤不乱的号为数不多了,https://id5.cbg.163.com/cgi/mweb/pl?search_type=role&tfid=f_kingkong&refer_sn=019192A3-66DD-1266-1A78-48933C642465&all_cloth_list__and=12202&order_by=price%20ASC,489,730,745
恸哭,https://patchwiki.biligame.com/images/dwrg/2/2e/co93snv1wnt5whupr05pqrd4v7ouxzd.png,950 ,900 ,爱哭鬼恸哭 p5美皮 还有很多珍宝,https://id5.cbg.163.com/cgi/mweb/pl?search_type=role&all_cloth_list__and=8408&order_by=price%20ASC,210,870,886
金靴,https://patchwiki.biligame.com/images/dwrg/8/8c/39ahfh8pzk0birj7ge2pms9ecx7idf7.png,1089 ,1000 ,性价比最高的金靴号了，还有新出的一套归宿,https://id5.cbg.163.com/cgi/mweb/pl?search_type=role&tfid=f_kingkong&refer_sn=019192A3-66DD-1266-1A78-48933C642465&all_cloth_list__and=5907&order_by=price%20ASC,96,1088.99,1191
狛枝凪斗,https://patchwiki.biligame.com/images/dwrg/5/57/7da81ue9w54gmyr7kguf9f0cdkx9z3n.png,435 ,470 ,紫皮非常干净 面板好看非常好养。只降价这一次，再慢慢涨价,https://id5.cbg.163.com/cgi/mweb/pl?search_type=role&tfid=f_kingkong&refer_sn=0191A3CC-D07F-A1CC-932F-252155B33DD6&all_cloth_list__and=2524&order_by=price%20ASC,1689,430,443
瑞吉儿·加德纳,https://patchwiki.biligame.com/images/dwrg/2/24/guw0up1su3lvqnez813i58sumqzosmt.png,266 ,520 ,全网最低价,https://id5.cbg.163.com/cgi/mweb/pl?search_type=role&tfid=f_kingkong&refer_sn=0191A3CC-D07F-A1CC-932F-252155B33DD6&all_cloth_list__and=11111&order_by=price%20ASC,1410,600,603
七海千秋,https://patchwiki.biligame.com/images/dwrg/c/c6/gps0al3bkdw69v733jme4ihzopr4tel.png,500 ,560 ,七海千秋,https://id5.cbg.163.com/cgi/mweb/pl?search_type=role&tfid=f_kingkong&refer_sn=0191A3CC-D07F-A1CC-932F-252155B33DD6&all_cloth_list__and=3434&order_by=price%20ASC,1737,490,497
金翼之球,https://patchwiki.biligame.com/images/dwrg/2/21/n2v4zt3ecpxxg1jt1hvo2w1ltvc6l0i.png,3890 ,3900 ,有金靴全套有前锋颠球动作再挂两天卖不出去就等6月份再卖,https://id5.cbg.163.com/cgi/mweb/pl?view_loc=search_cond&search_type=role&tfid=f_kingkong&refer_sn=0191A95A-5228-A515-3DB4-04217DEAA88F&decoration_lst__and=48&order_by=price%20ASC,90,4150,4179
鉴赏家,https://patchwiki.biligame.com/images/dwrg/1/1e/0j5bzppegpt74l7qqp3uwwayu0yj0m6.png,1020 ,1500 ,鉴赏家。荣光的残像,https://id5.cbg.163.com/cgi/mweb/pl?view_loc=search_cond&search_type=role&tfid=f_kingkong&refer_sn=0191A95A-5228-A515-3DB4-04217DEAA88F&all_cloth_list__and=8514&order_by=price%20ASC,48,1500,1727
废土旅人,https://patchwiki.biligame.com/images/dwrg/a/af/gimyastdoqamyrgbmhhq3owy8pfbrg3.png,1200 ,1200 ,老号，庄园老友全动作,https://id5.cbg.163.com/cgi/mweb/pl?search_type=role&order_by=price%20ASC&all_cloth_list__and=3417&refer_sn=0191A95E-D9FE-FDAA-FBDD-C5DB568CA6AA,66,1100,1150
渊,https://patchwiki.biligame.com/images/dwrg/8/8f/q8zfarxbv92e3x7v6rkb3h0372kb4yo.png,165 ,160 ,全网最低价渊，一张紫皮卡，500窥镜，3000多紫薯，21抽。,https://id5.cbg.163.com/cgi/mweb/pl?search_type=role&order_by=price%20ASC&all_cloth_list__and=12002&refer_sn=0191A95E-D9FE-FDAA-FBDD-C5DB568CA6AA,2184,210,235
赎命,https://patchwiki.biligame.com/images/dwrg/3/3b/je6449o6hpeijupx7etgsarib89yfea.png,1500 ,1788 ,有医生粉皮，园丁小情号且有历牌子，急出可刀,https://id5.cbg.163.com/cgi/mweb/pl?view_loc=search_cond&search_type=role&tfid=f_kingkong&refer_sn=0191AD67-6F28-DA97-AA45-FCD6563CCB29&all_cloth_list__and=1413&order_by=price%20ASC,15,1500,1766
假面绅士,https://patchwiki.biligame.com/images/dwrg/4/4d/2th8eryq1va2wb5vdithff4pxt3js7p.png,650 ,650 ,五个回声皮，慢挂，最低价，出不去掉算了,https://id5.cbg.163.com/cgi/mweb/pl?view_loc=search_cond&search_type=role&tfid=f_kingkong&refer_sn=0191AD67-6F28-DA97-AA45-FCD6563CCB29&all_cloth_list__and=2116&order_by=price%20ASC,261,650,694
“绯”,https://patchwiki.biligame.com/images/dwrg/e/e9/lm3jaxp2637llg9nqzt9l0ssxlfw1ix.png,1450 ,1350 ,阁上最低绯，极品二字昵称，寓意红霞漫过山峦，自砍三百了，不接受砍价已是最低价绯，过两天取回,https://id5.cbg.163.com/cgi/mweb/pl?search_type=role&tfid=f_kingkong&refer_sn=019232AC-7616-AAAA-3D77-F77401F50E8E&all_cloth_list__and=6845&order_by=price%20ASC,432,1100,1179
温室,https://patchwiki.biligame.com/images/dwrg/3/3b/k9n5ys1s68bsym8f4p8qj3f3g68re1r.png,245 ,240 ,9k薯，一张紫皮卡，入殓二限，颜文字名字^v^,https://id5.cbg.163.com/cgi/mweb/pl?view_loc=search_cond&search_type=role&tfid=f_kingkong&refer_sn=019231CB-C71D-D711-7733-8B66AFB47750&all_cloth_list__and=7929&order_by=price%20ASC,2688,239,240
麒麟商人,https://patchwiki.biligame.com/images/dwrg/8/8a/34gwgzrpjc76hc9jr8de1ag4pvj2eow.png,1350 ,1320 ,亮点:麒麟商人，小女孩深渊紫，玩具商公益皮， 机械师联动紫，医生年限一套，蜘蛛深渊金皮。深渊珍宝40抽，抽出来两个皮肤一金一紫，最低价了,https://id5.cbg.163.com/cgi/mweb/pl?view_loc=search_cond&search_type=role&tfid=f_kingkong&refer_sn=0192B8E3-E048-99EE-ED00-4D7057457A10&all_cloth_list__and=6624&order_by=price%20ASC,1611,1188,1211
红骑士,https://patchwiki.biligame.com/images/dwrg/7/74/ne3yku3zlk36zdgm6eu35torho4ng5o.png,666 ,653 ,单金红骑士，拍下有小惊喜,https://id5.cbg.163.com/cgi/mweb/pl?search_type=role&tfid=f_kingkong&refer_sn=0192B8E5-31D3-E182-29C3-DCEB15E7460A&all_cloth_list__and=14102&order_by=price%20ASC,1626,630,634
星之王,https://patchwiki.biligame.com/images/dwrg/7/7e/njsbuwru6huvop7w1m783ls5em286e8.png,299 ,280 ,全男，充别的所以便宜急出,https://id5.cbg.163.com/cgi/mweb/pl?view_loc=search_cond&search_type=role&tfid=f_kingkong&all_cloth_list__and=14303&refer_sn=01935D50-78CF-5378-BE72-7BB1296B50B1&order_by=price%20ASC,4134,290,292
报社主编,https://patchwiki.biligame.com/images/dwrg/c/c0/0c2nzkhriko0cd0yeo9eo2epy3zw6oc.png,180 ,188 ,很欧的号，基本都是十几发一个金光，号上现在还有小半个月的月卡 有没有人收啊｡°(°¯᷄◠¯᷅°)°｡ 已经二次上架了，刀了很多了不要在还价了啊啊啊 现在买了登录还有十连，快来买吧,https://id5.cbg.163.com/cgi/mweb/pl?view_loc=search_cond&search_type=role&tfid=f_kingkong&all_cloth_list__and=2330&refer_sn=0193F7D7-0C6E-FDC7-6B4D-73093F451F0B&order_by=price%20ASC,1014,175,183
不息载械,https://patchwiki.biligame.com/images/dwrg/f/f5/kzf82rw58sgkldqbv5owreo8nqpbujg.png,100 ,100 ,蜘蛛金皮,https://id5.cbg.163.com/cgi/mweb/pl?view_loc=search_cond&search_type=role&tfid=f_kingkong&all_cloth_list__and=6031&refer_sn=01944EB2-8C10-441E-5D30-581EF4206900&conds_labels=%5B%22%E6%BB%A1%E8%B6%B3%E5%85%A8%E9%83%A8%3A%E8%9C%98%E8%9B%9B-%E4%B8%8D%E6%81%AF%E8%BD%BD%E6%A2%B0%22%5D&order_by=price%20ASC,1920,100,100
糖果少女,https://patchwiki.biligame.com/images/dwrg/4/4b/7rwuza4mtnm9es6l8ridy9q5e5kkph0.png,360 ,350 ,盾子乱步糖果教鞭观测完美,https://id5.cbg.163.com/cgi/mweb/pl?order_by=price%20ASC&search_type=role&all_cloth_list__and=3431&refer_sn=01944EB3-7554-47B9-AA18-A2924675B5FF&conds_labels=%5B%22%E6%BB%A1%E8%B6%B3%E5%85%A8%E9%83%A8%3A%E6%9C%BA%E6%A2%B0%E5%B8%88-%E7%B3%96%E6%9E%9C%E5%B0%91%E5%A5%B3%22%5D,1530,380,418
一本线,https://patchwiki.biligame.com/images/dwrg/9/9b/lyvfhn2ibeyrt3dshscrkqm5f1kaexx.png,1800 ,2000 ,221b联动归宿，万薯，医生年限套，紫皮卡,https://id5.cbg.163.com/cgi/mweb/pl?search_type=role&tfid=f_kingkong&all_cloth_list__and=8527&conds_labels=%5B%22%E6%BB%A1%E8%B6%B3%E5%85%A8%E9%83%A8%3A%E7%BA%A2%E5%A4%AB%E4%BA%BA-%E5%B8%8C%E6%9C%9B%E7%9A%84%E6%AE%8B%E5%83%8F%22%5D&order_by=price%20ASC&refer_sn=0194970B-51EE-40E0-B85E-5E6A12DBB128,480,1869,1955
二本线,https://patchwiki.biligame.com/images/dwrg/4/48/71hrsl3ff5pc32f22ih9o192ajkiefo.png,880 ,999 ,想让时间回到2019年的夏天，第五暖暖陪伴的最快乐的时光，现在把她交给你啦！,https://id5.cbg.163.com/cgi/mweb/pl?view_loc=search_cond&search_type=role&tfid=f_kingkong&all_cloth_list__and=225&refer_sn=0194970A-1F73-9977-EDDB-4872BBA87447&order_by=price%20ASC,1809,750,966
采风的仙灵,https://patchwiki.biligame.com/images/dwrg/7/7a/aub7jvk2vsvd5dq4zm9ccmw1nujdkea.png,766 ,770 ,急出，近1w紫薯，还有500多回声,https://id5.cbg.163.com/cgi/mweb/pl?order_by=price%20ASC&search_type=role&all_cloth_list__and=14202&refer_sn=0194970C-537F-9913-4C26-0320A7D94034&conds_labels=%5B%22%E6%BB%A1%E8%B6%B3%E5%85%A8%E9%83%A8%3A%E6%B0%94%E8%B1%A1%E5%AD%A6%E5%AE%B6-%E9%87%87%E9%A3%8E%E7%9A%84%E4%BB%99%E7%81%B5%22%5D,3372,794,797
昔日的预言者,https://patchwiki.biligame.com/images/dwrg/0/01/ny8hmmfc3fcy17gdosi30aly5k6a2da.png,2490 ,2399 ,藏宝阁最便宜的先知昔日的预言者号,https://id5.cbg.163.com/cgi/mweb/pl?order_by=price%20ASC&search_type=role&all_cloth_list__and=7836&refer_sn=0194970C-A724-729A-4E2A-1200567D7711&conds_labels=%5B%22%E6%BB%A1%E8%B6%B3%E5%85%A8%E9%83%A8%3A%E5%85%88%E7%9F%A5-%E6%98%94%E6%97%A5%E7%9A%84%E9%A2%84%E8%A8%80%E8%80%85%22%5D,198,2174,2355
司药,https://patchwiki.biligame.com/images/dwrg/f/f8/5o8rzt9p64drd7e7rak68j3p0oiygk2.png,100 ,100 ,舞女80抽头像，单金司药全人无丑,https://id5.cbg.163.com/cgi/mweb/pl?view_loc=search_cond&search_type=role&tfid=f_kingkong&all_cloth_list__and=1445&refer_sn=0195335B-0A3F-ABA3-3F2D-12EC5A6E4774&conds_labels=%5B%22%E6%BB%A1%E8%B6%B3%E5%85%A8%E9%83%A8%3A%E5%8C%BB%E7%94%9F-%E5%8F%B8%E8%8D%AF%22%5D&order_by=price%20ASC,10002,100,100
福尔摩斯,https://patchwiki.biligame.com/images/dwrg/8/80/bwui2gzpioa5j33tvg9gpc8lp0x4hiq.png,250 ,230 ,欧号 20抽出福尔摩斯 骰子多 目前阁上最低价福尔摩斯,https://id5.cbg.163.com/cgi/mweb/pl?order_by=price%20ASC&search_type=role&all_cloth_list__and=11319&refer_sn=0195335C-1B60-C335-8583-0865DF9433DC&conds_labels=%5B%22%E6%BB%A1%E8%B6%B3%E5%85%A8%E9%83%A8%3A%E5%B0%8F%E8%AF%B4%E5%AE%B6-%E7%A6%8F%E5%B0%94%E6%91%A9%E6%96%AF%22%5D,1620,200,206
不合时宜的危鲁弗,https://patchwiki.biligame.com/images/dwrg/6/6e/jgfyqwd27d22pyk7r9ajk9m0st28g1m.png,1088 ,649 ,w1紫薯~有爱之藤的头像框~月卡30多天~差90多步拿下推理之径~,https://id5.cbg.163.com/cgi/mweb/pl?view_loc=search_cond&search_type=role&tfid=f_kingkong&all_cloth_list__and=14403&refer_sn=01959475-5BD7-9D47-AD3E-4BCE3633E070&conds_labels=%5B%22%E6%BB%A1%E8%B6%B3%E5%85%A8%E9%83%A8%3A%E5%BC%93%E7%AE%AD%E6%89%8B-%E4%B8%8D%E5%90%88%E6%97%B6%E5%AE%9C%E7%9A%84%E5%8D%B1%E9%B2%81%E5%BC%97%22%5D&order_by=price%20ASC,480,518,531